0.01,0.531962667
0.02,0.531962667
0.03,0.531962667
0.04,0.531962667
0.05,0.531962667
0.06,0.531962667
0.07,0.531962667
0.08,0.531962667
0.09,0.531962667
0.1,0.531962667
0.11,0.531962667
0.12,0.531962667
0.13,0.531962667
0.14,0.531962667
0.15,0.531962667
0.16,0.531962667
0.17,0.531962667
0.18,0.531962667
0.19,0.531962667
0.2,0.531962667
0.21,0.531962667
0.22,0.531962667
0.23,0.531962667
0.24,0.531962667
0.25,0.531962667
0.26,0.532379346
0.27,0.532796047
0.28,0.533212706
0.29,0.533629407
0.3,0.534046087
0.31,0.534462787
0.32,0.534879487
0.33,0.535296147
0.34,0.535712847
0.35,0.536129527
0.36,0.536546207
0.37,0.536962887
0.38,0.537379588
0.39,0.537796288
0.4,0.538212968
0.41,0.538629648
0.42,0.539046328
0.43,0.539463028
0.44,0.539879708
0.45,0.540296409
0.46,0.540713089
0.47,0.541129769
0.48,0.541546469
0.49,0.541963129
0.5,0.542379829
0.51,0.542796529
0.52,0.543213209
0.53,0.54362991
0.54,0.544046569
0.55,0.54446327
0.56,0.54487995
0.57,0.54529663
0.58,0.54571333
0.59,0.54613001
0.6,0.54654669
0.61,0.547717459
0.62,0.548861099
0.63,0.550004739
0.64,0.551148378
0.65,0.552292018
0.66,0.553435658
0.67,0.554579297
0.68,0.555722937
0.69,0.556866373
0.7,0.558010013
0.71,0.559153652
0.72,0.560297292
0.73,0.561440932
0.74,0.562584572
0.75,0.563728211
0.76,0.564871851
0.77,0.566015491
0.78,0.56715913
0.79,0.56830277
0.8,0.56944641
0.81,0.570590049
0.82,0.571733689
0.83,0.572877329
0.84,0.574020969
0.85,0.575164608
0.86,0.576308248
0.87,0.577451888
0.88,0.578595527
0.89,0.579739167
0.9,0.580882807
0.91,0.58483281
0.92,0.596682819
0.93,0.612945689
0.94,0.627696415
0.95,0.642447141
0.96,0.657197866
0.97,0.671948592
0.98,0.686699318
0.99,0.701450044
1,0.71620077
1.01,0.730951496
1.02,0.745702222
1.03,0.760452947
1.04,0.775203673
1.05,0.789954399
1.06,0.789877438
1.07,0.789803923
1.08,0.789733596
1.09,0.789666165
1.1,0.789601347
1.11,0.789593523
1.12,0.789681862
1.13,0.789827186
1.14,0.790018683
1.15,0.790250652
1.16,0.789627825
1.17,0.789010278
1.18,0.788428731
1.19,0.787690231
1.2,0.786486251
1.21,0.785320521
1.22,0.784192197
1.23,0.78310025
1.24,0.78204416
1.25,0.781023191
1.26,0.780036654
1.27,0.77908414
1.28,0.778165176
1.29,0.777279325
1.3,0.776426008
1.31,0.775605157
1.32,0.774816147
1.33,0.774058869
1.34,0.773332839
1.35,0.772638016
1.36,0.771973938
1.37,0.771340506
1.38,0.770737506
1.39,0.770164752
1.4,0.769621976
1.41,0.769109031
1.42,0.768625768
1.43,0.768172151
1.44,0.767747974
1.45,0.767353127
1.46,0.76698752
1.47,0.766650965
1.48,0.766343604
1.49,0.76606516
1.5,0.765815576
1.51,0.764227794
1.52,0.762418369
1.53,0.760620425
1.54,0.758833252
1.55,0.757056528
1.56,0.755289552
1.57,0.753532088
1.58,0.7517835
1.59,0.750043478
1.6,0.74831155
1.61,0.746587447
1.62,0.744870723
1.63,0.743161176
1.64,0.74145827
1.65,0.739761943
1.66,0.738071806
1.67,0.736387502
1.68,0.734708914
1.69,0.733034676
1.7,0.731364532
1.71,0.729698212
1.72,0.728035573
1.73,0.72637656
1.74,0.724720935
1.75,0.723068669
1.76,0.721419454
1.77,0.719773264
1.78,0.718129996
1.79,0.716489561
1.8,0.714851745
1.81,0.713216585
1.82,0.711583987
1.83,0.709953778
1.84,0.70832588
1.85,0.706700246
1.86,0.705076796
1.87,0.703455485
1.88,0.701836263
1.89,0.70021907
1.9,0.698603875
1.91,0.696990527
1.92,0.695379098
1.93,0.693769447
1.94,0.692161532
1.95,0.690555446
1.96,0.688950955
1.97,0.687348225
1.98,0.685747148
1.99,0.684147594
2,0.682549661
2.01,0.68127871
2.02,0.679997695
2.03,0.678718048
2.04,0.677439771
2.05,0.676162922
2.06,0.674887591
2.07,0.673613952
2.08,0.672341868
2.09,0.671071608
2.1,0.669803053
2.11,0.66853626
2.12,0.667271482
2.13,0.666008605
2.14,0.664747669
2.15,0.663488743
2.16,0.662231976
2.17,0.660977235
2.18,0.659724765
2.19,0.658474509
2.2,0.657226441
2.21,0.655980699
2.22,0.654737323
2.23,0.653496273
2.24,0.652257694
2.25,0.651021513
2.26,0.649787793
2.27,0.648556566
2.28,0.647327986
2.29,0.646101863
2.3,0.644878363
2.31,0.64365751
2.32,0.642439336
2.33,0.641223791
2.34,0.640010907
2.35,0.638800801
2.36,0.637593513
2.37,0.636388874
2.38,0.635187019
2.39,0.633988063
2.4,0.632791848
2.41,0.631598491
2.42,0.630408028
2.43,0.629220375
2.44,0.628035649
2.45,0.626853892
2.46,0.625674906
2.47,0.624498936
2.48,0.623325872
2.49,0.622155753
2.5,0.620988601
2.51,0.619824424
2.52,0.618663138
2.53,0.617504863
2.54,0.616349613
2.55,0.615197303
2.56,0.614047939
2.57,0.612901645
2.58,0.611758332
2.59,0.610618004
2.6,0.609480571
2.61,0.608346255
2.62,0.607214956
2.63,0.606086571
2.64,0.604961231
2.65,0.603838822
2.66,0.602719362
2.67,0.601602957
2.68,0.600489502
2.69,0.599379113
2.7,0.598271573
2.71,0.597167007
2.72,0.596065406
2.73,0.594966786
2.74,0.593871023
2.75,0.592778232
2.76,0.591688313
2.77,0.590601355
2.78,0.589517167
2.79,0.588435948
2.8,0.587357586
2.81,0.586282077
2.82,0.585209429
2.83,0.584139618
2.84,0.58307256
2.85,0.58200834
2.86,0.580946843
2.87,0.579888132
2.88,0.578832169
2.89,0.577778931
2.9,0.576728407
2.91,0.575680581
2.92,0.574635412
2.93,0.573592913
2.94,0.572553044
2.95,0.571515775
2.96,0.570481106
2.97,0.569449004
2.98,0.56841946
2.99,0.56739242
3,0.566367904
3.01,0.565439283
3.02,0.564557681
3.03,0.563678235
3.04,0.562800947
3.05,0.561925827
3.06,0.561052856
3.07,0.560182106
3.08,0.559313547
3.09,0.558447198
3.1,0.557583059
3.11,0.556721149
3.12,0.555861477
3.13,0.555004051
3.14,0.554148881
3.15,0.553295963
3.16,0.552445304
3.17,0.551596924
3.18,0.550750828
3.19,0.549907021
3.2,0.549065492
3.21,0.548226286
3.22,0.547389359
3.23,0.546554755
3.24,0.54572246
3.25,0.544892479
3.26,0.544064827
3.27,0.543239486
3.28,0.542416493
3.29,0.541595829
3.3,0.540777508
3.31,0.539961525
3.32,0.53914787
3.33,0.538336578
3.34,0.537527619
3.35,0.536721018
3.36,0.535916764
3.37,0.53511486
3.38,0.534315328
3.39,0.533518127
3.4,0.53272328
3.41,0.531930807
3.42,0.531140688
3.43,0.530352914
3.44,0.529567514
3.45,0.528784447
3.46,0.528003745
3.47,0.527225406
3.48,0.526449409
3.49,0.525675773
3.5,0.524904487
3.51,0.524135549
3.52,0.523368958
3.53,0.522604712
3.54,0.521842799
3.55,0.521083246
3.56,0.520326031
3.57,0.519571142
3.58,0.518818606
3.59,0.518068379
3.6,0.51732049
3.61,0.516574913
3.62,0.515831666
3.63,0.515090746
3.64,0.514352128
3.65,0.513615819
3.66,0.512881814
3.67,0.51215012
3.68,0.511420711
3.69,0.510693593
3.7,0.509968782
3.71,0.509246233
3.72,0.508525971
3.73,0.507807969
3.74,0.507092255
3.75,0.506378791
3.76,0.505667582
3.77,0.504958623
3.78,0.504251909
3.79,0.503547432
3.8,0.502845197
3.81,0.502145188
3.82,0.501447379
3.83,0.500751812
3.84,0.500058432
3.85,0.499367272
3.86,0.498678296
3.87,0.497991506
3.88,0.497306895
3.89,0.496624457
3.9,0.495944193
3.91,0.495266088
3.92,0.494590133
3.93,0.493916322
3.94,0.493244655
3.95,0.492575107
3.96,0.491907688
3.97,0.491242382
3.98,0.49057918
3.99,0.489918085
4,0.489259067
4.01,0.488602139
4.02,0.487947284
4.03,0.487294491
4.04,0.486643763
4.05,0.485995082
4.06,0.485348447
4.07,0.484703832
4.08,0.484061237
4.09,0.483420664
4.1,0.482782092
4.11,0.482145534
4.12,0.481510951
4.13,0.480878342
4.14,0.48024771
4.15,0.479619045
4.16,0.478992317
4.17,0.478367537
4.18,0.477744696
4.19,0.477123774
4.2,0.476504761
4.21,0.475887658
4.22,0.475272455
4.23,0.474659133
4.24,0.474047691
4.25,0.473438111
4.26,0.472830381
4.27,0.472224501
4.28,0.471620463
4.29,0.471018245
4.3,0.470417858
4.31,0.469819251
4.32,0.469222465
4.33,0.468627458
4.34,0.468034222
4.35,0.467442764
4.36,0.466853055
4.37,0.466265085
4.38,0.465678862
4.39,0.465094358
4.4,0.464511569
4.41,0.463930497
4.42,0.463351101
4.43,0.462773389
4.44,0.462197361
4.45,0.461622987
4.46,0.461050265
4.47,0.460479185
4.48,0.459909736
4.49,0.459341907
4.5,0.458775686
4.51,0.458211053
4.52,0.457648018
4.53,0.457086558
4.54,0.456526663
4.55,0.455968322
4.56,0.455411524
4.57,0.454856256
4.58,0.45430252
4.59,0.453750282
4.6,0.453199552
4.61,0.452650299
4.62,0.45210253
4.63,0.451556236
4.64,0.451011394
4.65,0.450467984
4.66,0.449926013
4.67,0.44938546
4.68,0.448846325
4.69,0.448308586
4.7,0.44777225
4.71,0.447237266
4.72,0.446703664
4.73,0.44617141
4.74,0.445640496
4.75,0.445110907
4.76,0.444582643
4.77,0.444055702
4.78,0.443530032
4.79,0.443005673
4.8,0.442482571
4.81,0.441960746
4.82,0.441440166
4.83,0.440920828
4.84,0.440402712
4.85,0.439885816
4.86,0.439370117
4.87,0.438855625
4.88,0.438342317
4.89,0.43783017
4.9,0.437319185
4.91,0.436809349
4.92,0.436300639
4.93,0.435793074
4.94,0.435286604
4.95,0.434781254
4.96,0.434276974
4.97,0.433773781
4.98,0.433271644
4.99,0.432770581
5,0.432270549
5.01,0.43181761
5.02,0.431332037
5.03,0.430847707
5.04,0.4303646
5.05,0.429882689
5.06,0.429401992
5.07,0.428922466
5.08,0.428444125
5.09,0.427966927
5.1,0.427490867
5.11,0.427015943
5.12,0.42654214
5.13,0.426069425
5.14,0.425597814
5.15,0.425127272
5.16,0.424657789
5.17,0.424189358
5.18,0.423721966
5.19,0.42325559
5.2,0.422790226
5.21,0.422325852
5.22,0.421862462
5.23,0.421400044
5.24,0.420938583
5.25,0.420478058
5.26,0.420018472
5.27,0.419559795
5.28,0.419102021
5.29,0.418645127
5.3,0.41818912
5.31,0.417733976
5.32,0.417279673
5.33,0.416826215
5.34,0.416373581
5.35,0.415921766
5.36,0.415470727
5.37,0.41502048
5.38,0.414571003
5.39,0.414122282
5.4,0.413674323
5.41,0.413227073
5.42,0.412780559
5.43,0.412334728
5.44,0.411889605
5.45,0.411445168
5.46,0.411001383
5.47,0.410558258
5.48,0.410115768
5.49,0.409673911
5.5,0.409232673
5.51,0.408792031
5.52,0.408351971
5.53,0.407912491
5.54,0.407473578
5.55,0.407035207
5.56,0.406597376
5.57,0.406160072
5.58,0.405723281
5.59,0.405286981
5.6,0.404851168
5.61,0.404415828
5.62,0.40398095
5.63,0.403546529
5.64,0.403112522
5.65,0.402678938
5.66,0.402245771
5.67,0.401813
5.68,0.401380611
5.69,0.400948592
5.7,0.400516918
5.71,0.400085598
5.72,0.399654618
5.73,0.399223945
5.74,0.398793586
5.75,0.398363517
5.76,0.397933728
5.77,0.397504202
5.78,0.39707495
5.79,0.396645926
5.8,0.396217139
5.81,0.395788575
5.82,0.395360212
5.83,0.394932036
5.84,0.394504045
5.85,0.394076216
5.86,0.393648545
5.87,0.393221021
5.88,0.39279362
5.89,0.392366349
5.9,0.391939185
5.91,0.391512096
5.92,0.3910851
5.93,0.390658162
5.94,0.390231291
5.95,0.389804443
5.96,0.389377646
5.97,0.388950867
5.98,0.388524073
5.99,0.388097292
6,0.38767048
6.01,0.387274796
6.02,0.386915047
6.03,0.386556049
6.04,0.38619777
6.05,0.385840227
6.06,0.385483428
6.07,0.385127341
6.08,0.384771992
6.09,0.384417359
6.1,0.384063448
6.11,0.383710249
6.12,0.383357757
6.13,0.383005991
6.14,0.382654928
6.15,0.382304575
6.16,0.38195492
6.17,0.38160597
6.18,0.381257712
6.19,0.380910145
6.2,0.380563285
6.21,0.380217111
6.22,0.379871619
6.23,0.379526817
6.24,0.379182703
6.25,0.378839264
6.26,0.378496498
6.27,0.378154412
6.28,0.377812994
6.29,0.377472261
6.3,0.377132182
6.31,0.376792773
6.32,0.376454022
6.33,0.376115937
6.34,0.375778516
6.35,0.375441735
6.36,0.375105624
6.37,0.374770148
6.38,0.374435327
6.39,0.374101157
6.4,0.373767618
6.41,0.373434734
6.42,0.373102476
6.43,0.37277087
6.44,0.372439885
6.45,0.372109537
6.46,0.371779815
6.47,0.371450726
6.48,0.371122259
6.49,0.37079441
6.5,0.370467188
6.51,0.370140581
6.52,0.369814586
6.53,0.369489211
6.54,0.369164444
6.55,0.368840292
6.56,0.368516734
6.57,0.368193798
6.58,0.367871451
6.59,0.36754971
6.6,0.367228555
6.61,0.366908002
6.62,0.36658805
6.63,0.366268687
6.64,0.36594991
6.65,0.365631717
6.66,0.365314117
6.67,0.364997097
6.68,0.364680655
6.69,0.364364799
6.7,0.364049507
6.71,0.363734807
6.72,0.363420667
6.73,0.363107095
6.74,0.362794098
6.75,0.362481656
6.76,0.362169795
6.77,0.361858485
6.78,0.361547732
6.79,0.361237545
6.8,0.360927912
6.81,0.360618831
6.82,0.3603103
6.83,0.360002328
6.84,0.359694891
6.85,0.359388008
6.86,0.359081668
6.87,0.358775868
6.88,0.358470617
6.89,0.358165892
6.9,0.357861712
6.91,0.357558054
6.92,0.357254938
6.93,0.35695235
6.94,0.35665029
6.95,0.356348766
6.96,0.356047754
6.97,0.355747275
6.98,0.355447305
6.99,0.355147863
7,0.354864187
7.01,0.354612706
7.02,0.354361978
7.03,0.35411199
7.04,0.353862741
7.05,0.35361424
7.06,0.353366484
7.07,0.353119451
7.08,0.352873161
7.09,0.352627591
7.1,0.352382749
7.11,0.352138624
7.12,0.351895235
7.13,0.351652548
7.14,0.351410573
7.15,0.351169308
7.16,0.350928761
7.17,0.35068892
7.18,0.350449775
7.19,0.350211332
7.2,0.349973601
7.21,0.34973655
7.22,0.349500187
7.23,0.349264521
7.24,0.349029539
7.25,0.34879523
7.26,0.348561613
7.27,0.348328686
7.28,0.348096408
7.29,0.347864806
7.3,0.347633899
7.31,0.347403636
7.32,0.347174045
7.33,0.346945114
7.34,0.346716842
7.35,0.346489227
7.36,0.346262258
7.37,0.346035953
7.38,0.3458103
7.39,0.345585288
7.4,0.345360927
7.41,0.345137192
7.42,0.344914105
7.43,0.344691652
7.44,0.344469833
7.45,0.344248645
7.46,0.344028098
7.47,0.34380816
7.48,0.343588849
7.49,0.343370164
7.5,0.343152104
7.51,0.342934656
7.52,0.34271782
7.53,0.342501605
7.54,0.342285987
7.55,0.342070987
7.56,0.341856583
7.57,0.341642783
7.58,0.341429586
7.59,0.341216989
7.6,0.341004984
7.61,0.340793577
7.62,0.340582767
7.63,0.340372533
7.64,0.340162893
7.65,0.339953836
7.66,0.339745361
7.67,0.339537466
7.68,0.33933015
7.69,0.339123412
7.7,0.33891723
7.71,0.338711632
7.72,0.338506608
7.73,0.338302147
7.74,0.338098256
7.75,0.337894914
7.76,0.337692141
7.77,0.337489924
7.78,0.337288273
7.79,0.337087166
7.8,0.336886622
7.81,0.33668661
7.82,0.336487158
7.83,0.336288245
7.84,0.336089879
7.85,0.335892061
7.86,0.335694777
7.87,0.335498027
7.88,0.33530183
7.89,0.335106154
7.9,0.334910998
7.91,0.334716381
7.92,0.334522292
7.93,0.334328739
7.94,0.334135702
7.95,0.333943188
7.96,0.333751187
7.97,0.333559708
7.98,0.333368748
7.99,0.333178298
8,0.332988366
8.01,0.33279894
8.02,0.33261002
8.03,0.332421615
8.04,0.332233702
8.05,0.332046301
8.06,0.331859401
8.07,0.331673001
8.08,0.331487099
8.09,0.331301684
8.1,0.331116766
8.11,0.330932342
8.12,0.330748402
8.13,0.330564955
8.14,0.330382009
8.15,0.330199524
8.16,0.330017548
8.17,0.329836031
8.18,0.32965499
8.19,0.329474445
8.2,0.329294365
8.21,0.329114769
8.22,0.328935635
8.23,0.328756983
8.24,0.328578791
8.25,0.328401059
8.26,0.328223805
8.27,0.328047007
8.28,0.327870676
8.29,0.3276948
8.3,0.327519398
8.31,0.32734445
8.32,0.327169942
8.33,0.326995906
8.34,0.326822299
8.35,0.326649171
8.36,0.32647647
8.37,0.326304237
8.38,0.326132429
8.39,0.325961075
8.4,0.325790165
8.41,0.325619697
8.42,0.325449671
8.43,0.325280075
8.44,0.325110929
8.45,0.324942201
8.46,0.324773911
8.47,0.324606067
8.48,0.324438639
8.49,0.324271645
8.5,0.324105075
8.51,0.323938937
8.52,0.323773211
8.53,0.323607915
8.54,0.323443049
8.55,0.323278591
8.56,0.323114561
8.57,0.322950938
8.58,0.322787731
8.59,0.322624948
8.6,0.32246257
8.61,0.322300604
8.62,0.32213904
8.63,0.321977908
8.64,0.321817155
8.65,0.321656822
8.66,0.321496896
8.67,0.321337369
8.68,0.321178247
8.69,0.321019511
8.7,0.32086119
8.71,0.320703253
8.72,0.320545718
8.73,0.320388575
8.74,0.320231823
8.75,0.320075471
8.76,0.319919499
8.77,0.319763924
8.78,0.319608728
8.79,0.319453937
8.8,0.319299503
8.81,0.319145463
8.82,0.318991817
8.83,0.318838545
8.84,0.318685644
8.85,0.318533135
8.86,0.318380997
8.87,0.318229228
8.88,0.318077838
8.89,0.317926826
8.9,0.31777619
8.91,0.317625912
8.92,0.317476019
8.93,0.31732648
8.94,0.317177305
8.95,0.317028503
8.96,0.316880064
8.97,0.316731985
8.98,0.316584278
8.99,0.316436929
9,0.31628992
9.01,0.316143289
9.02,0.315997015
9.03,0.315851098
9.04,0.315705526
9.05,0.315560309
9.06,0.315415446
9.07,0.315270936
9.08,0.315126779
9.09,0.314982964
9.1,0.3148395
9.11,0.314696386
9.12,0.314553611
9.13,0.314411175
9.14,0.314269097
9.15,0.314127356
9.16,0.313985941
9.17,0.313844872
9.18,0.313704157
9.19,0.313563767
9.2,0.31342371
9.21,0.313283996
9.22,0.313144613
9.23,0.313005562
9.24,0.312866841
9.25,0.312728449
9.26,0.312590387
9.27,0.312452652
9.28,0.312315255
9.29,0.312178175
9.3,0.312041431
9.31,0.311905001
9.32,0.311768897
9.33,0.311633116
9.34,0.311497639
9.35,0.311362493
9.36,0.31122768
9.37,0.311093168
9.38,0.310958985
9.39,0.310825113
9.4,0.310691559
9.41,0.310558314
9.42,0.310425376
9.43,0.310292755
9.44,0.31016044
9.45,0.31002845
9.46,0.309896755
9.47,0.309765365
9.48,0.309634288
9.49,0.309503513
9.5,0.309373041
9.51,0.3092415
9.52,0.30910986
9.53,0.30897852
9.54,0.3088475
9.55,0.308716768
9.56,0.308586374
9.57,0.308456258
9.58,0.308326458
9.59,0.308196975
9.6,0.308067798
9.61,0.307938905
9.62,0.307810316
9.63,0.307682042
9.64,0.307554069
9.65,0.30742638
9.66,0.307299012
9.67,0.307171915
9.68,0.307045139
9.69,0.306918642
9.7,0.306792435
9.71,0.306666537
9.72,0.306540926
9.73,0.306415612
9.74,0.306290586
9.75,0.306165845
9.76,0.30604139
9.77,0.30591722
9.78,0.305793364
9.79,0.305669772
9.8,0.305546463
9.81,0.305423447
9.82,0.305300703
9.83,0.305178249
9.84,0.305056087
9.85,0.304934195
9.86,0.304812582
9.87,0.304691248
9.88,0.304570193
9.89,0.304449406
9.9,0.304328916
9.91,0.304208682
9.92,0.304088735
9.93,0.303969063
9.94,0.303849656
9.95,0.303730513
9.96,0.303611654
9.97,0.303493059
9.98,0.303374746
9.99,0.303256685
10,0.303138896
10.01,0.303111595
10.02,0.303079204
10.03,0.303046906
10.04,0.303014692
10.05,0.302982572
10.06,0.302950544
10.07,0.30291859
10.08,0.302886729
10.09,0.302854951
10.1,0.302823266
10.11,0.302791664
10.12,0.302760146
10.13,0.30272872
10.14,0.302697377
10.15,0.302666107
10.16,0.30263493
10.17,0.302603836
10.18,0.302572825
10.19,0.302541896
10.2,0.30251106
10.21,0.302480297
10.22,0.302449627
10.23,0.302419029
10.24,0.302388513
10.25,0.302358081
10.26,0.30232773
10.27,0.302297462
10.28,0.302267277
10.29,0.302237174
10.3,0.302207143
10.31,0.302177195
10.32,0.302147329
10.33,0.302117545
10.34,0.302087834
10.35,0.302058205
10.36,0.302028647
10.37,0.301999172
10.38,0.301969779
10.39,0.301940468
10.4,0.301911229
10.41,0.301882062
10.42,0.301852977
10.43,0.301823964
10.44,0.301795033
10.45,0.301766173
10.46,0.301737396
10.47,0.30170869
10.48,0.301680065
10.49,0.301651513
10.5,0.301623032
10.51,0.301594623
10.52,0.301566295
10.53,0.301538029
10.54,0.301509855
10.55,0.301481742
10.56,0.3014537
10.57,0.30142573
10.58,0.301397851
10.59,0.301370024
10.6,0.301342278
10.61,0.301314603
10.62,0.301287
10.63,0.301259477
10.64,0.301232006
10.65,0.301204617
10.66,0.301177308
10.67,0.30115005
10.68,0.301122864
10.69,0.301095768
10.7,0.301068724
10.71,0.30104176
10.72,0.301014858
10.73,0.300988026
10.74,0.300961255
10.75,0.300934565
10.76,0.300907946
10.77,0.300881388
10.78,0.3008549
10.79,0.300828473
10.8,0.300802117
10.81,0.300775832
10.82,0.300749607
10.83,0.300723453
10.84,0.30069738
10.85,0.300671346
10.86,0.300645394
10.87,0.300619502
10.88,0.30059367
10.89,0.300567919
10.9,0.300542229
10.91,0.300516598
10.92,0.300491028
10.93,0.300465529
10.94,0.300440099
10.95,0.30041472
10.96,0.300389411
10.97,0.300364173
10.98,0.300338994
10.99,0.300313876
11,0.300288817
11.01,0.300263829
11.02,0.300238901
11.03,0.300214023
11.04,0.300189235
11.05,0.300164487
11.06,0.300139799
11.07,0.300115181
11.08,0.300090623
11.09,0.300066124
11.1,0.300041686
11.11,0.300017307
11.12,0.299992998
11.13,0.299968738
11.14,0.299944549
11.15,0.299920407
11.16,0.299896327
11.17,0.299872312
11.18,0.299848356
11.19,0.299824463
11.2,0.299800622
11.21,0.299776842
11.22,0.299753113
11.23,0.299729445
11.24,0.299705849
11.25,0.299682302
11.26,0.299658807
11.27,0.299635372
11.28,0.299611997
11.29,0.299588683
11.3,0.299565418
11.31,0.299542212
11.32,0.299519067
11.33,0.299495972
11.34,0.299472934
11.35,0.299449957
11.36,0.299427039
11.37,0.29940416
11.38,0.299381349
11.39,0.299358597
11.4,0.299335892
11.41,0.299313247
11.42,0.299290649
11.43,0.29926812
11.44,0.299245627
11.45,0.299223202
11.46,0.299200826
11.47,0.299178506
11.48,0.299156234
11.49,0.299134018
11.5,0.299111859
11.51,0.299089747
11.52,0.299067702
11.53,0.299045703
11.54,0.29902374
11.55,0.299001853
11.56,0.298980002
11.57,0.298958218
11.58,0.298936469
11.59,0.298914785
11.6,0.298893146
11.61,0.298871564
11.62,0.298850026
11.63,0.298828543
11.64,0.298807115
11.65,0.298785731
11.66,0.298764403
11.67,0.298743128
11.68,0.298721888
11.69,0.298700711
11.7,0.298679591
11.71,0.298658502
11.72,0.298637477
11.73,0.298616497
11.74,0.298595569
11.75,0.298574685
11.76,0.298553855
11.77,0.298533066
11.78,0.298512332
11.79,0.298491649
11.8,0.298471011
11.81,0.298450423
11.82,0.298429879
11.83,0.298409386
11.84,0.298388945
11.85,0.298368547
11.86,0.298348191
11.87,0.298327886
11.88,0.298307634
11.89,0.298287422
11.9,0.298267262
11.91,0.298247153
11.92,0.298227086
11.93,0.298207058
11.94,0.298187092
11.95,0.298167157
11.96,0.298147273
11.97,0.298127438
11.98,0.298107655
11.99,0.298087911
12,0.298068207
12.01,0.298048554
12.02,0.29802895
12.03,0.298009377
12.04,0.297989862
12.05,0.297970388
12.06,0.297950963
12.07,0.297931576
12.08,0.297912229
12.09,0.297892941
12.1,0.297873682
12.11,0.297854483
12.12,0.29783532
12.13,0.297816198
12.14,0.297797113
12.15,0.297778087
12.16,0.297759099
12.17,0.297740149
12.18,0.297721247
12.19,0.297702383
12.2,0.297683568
12.21,0.297664788
12.22,0.297646057
12.23,0.297627374
12.24,0.297608717
12.25,0.297590118
12.26,0.297571556
12.27,0.297553031
12.28,0.297534553
12.29,0.297516111
12.3,0.297497716
12.31,0.297479358
12.32,0.297461046
12.33,0.297442771
12.34,0.297424542
12.35,0.297406348
12.36,0.297388201
12.37,0.297370089
12.38,0.297352024
12.39,0.297333994
12.4,0.29731601
12.41,0.297298061
12.42,0.297280148
12.43,0.297262279
12.44,0.297244457
12.45,0.297226659
12.46,0.297208916
12.47,0.297191207
12.48,0.297173535
12.49,0.297155896
12.5,0.297138312
12.51,0.297120761
12.52,0.297103236
12.53,0.297085765
12.54,0.297068328
12.55,0.297050935
12.56,0.297033566
12.57,0.29701625
12.58,0.296998969
12.59,0.296981721
12.6,0.296964517
12.61,0.296947345
12.62,0.296930219
12.63,0.296913114
12.64,0.296896063
12.65,0.296879045
12.66,0.296862061
12.67,0.296845119
12.68,0.296828209
12.69,0.296811342
12.7,0.296794498
12.71,0.296777707
12.72,0.296760947
12.73,0.296744221
12.74,0.296727536
12.75,0.296710883
12.76,0.296694263
12.77,0.296677685
12.78,0.296661137
12.79,0.296644633
12.8,0.296628159
12.81,0.296611727
12.82,0.296595328
12.83,0.296578969
12.84,0.296562631
12.85,0.296546335
12.86,0.29653008
12.87,0.296513856
12.88,0.296497663
12.89,0.296481511
12.9,0.296465399
12.91,0.296449308
12.92,0.296433258
12.93,0.296417238
12.94,0.296401259
12.95,0.29638531
12.96,0.296369402
12.97,0.296353523
12.98,0.296337674
12.99,0.296321865
13,0.296306087
13.01,0.296290338
13.02,0.29627463
13.03,0.296258961
13.04,0.296243311
13.05,0.2962277
13.06,0.29621213
13.07,0.296196588
13.08,0.296181066
13.09,0.296165593
13.1,0.296150149
13.11,0.296134744
13.12,0.296119358
13.13,0.296104011
13.14,0.296088692
13.15,0.296073412
13.16,0.296058161
13.17,0.296042949
13.18,0.296027764
13.19,0.296012599
13.2,0.295997482
13.21,0.295982392
13.22,0.295967331
13.23,0.295952307
13.24,0.295937312
13.25,0.295922345
13.26,0.295907415
13.27,0.295892514
13.28,0.29587765
13.29,0.295862803
13.3,0.295847994
13.31,0.295833222
13.32,0.295818469
13.33,0.295803752
13.34,0.295789072
13.35,0.295774419
13.36,0.295759794
13.37,0.295745196
13.38,0.295730634
13.39,0.295716109
13.4,0.295701601
13.41,0.295687129
13.42,0.295672685
13.43,0.295658266
13.44,0.295643886
13.45,0.295629529
13.46,0.295615211
13.47,0.295600918
13.48,0.295586652
13.49,0.295572421
13.5,0.295558207
13.51,0.295544028
13.52,0.295529886
13.53,0.295515769
13.54,0.295501677
13.55,0.295487612
13.56,0.295473583
13.57,0.295459579
13.58,0.295445601
13.59,0.295431657
13.6,0.29541774
13.61,0.295403857
13.62,0.295389989
13.63,0.295376157
13.64,0.295362349
13.65,0.295348578
13.66,0.295334831
13.67,0.295321108
13.68,0.29530742
13.69,0.295293757
13.7,0.295280119
13.71,0.295266505
13.72,0.295252928
13.73,0.295239373
13.74,0.295225842
13.75,0.295212346
13.76,0.295198875
13.77,0.295185438
13.78,0.295172015
13.79,0.295158625
13.8,0.29514526
13.81,0.295131919
13.82,0.295118612
13.83,0.295105329
13.84,0.295092078
13.85,0.295078843
13.86,0.29506564
13.87,0.295052471
13.88,0.295039317
13.89,0.295026195
13.9,0.295013096
13.91,0.295000021
13.92,0.294986979
13.93,0.294973961
13.94,0.294960965
13.95,0.294947992
13.96,0.294935053
13.97,0.294922137
13.98,0.294909254
13.99,0.294896383
14,0.294883545
14.01,0.29487074
14.02,0.294857947
14.03,0.294845187
14.04,0.294832449
14.05,0.294819735
14.06,0.294807052
14.07,0.294794392
14.08,0.294781754
14.09,0.294769138
14.1,0.294756555
14.11,0.294743994
14.12,0.294731454
14.13,0.294718937
14.14,0.294706452
14.15,0.294693988
14.16,0.294681547
14.17,0.294669137
14.18,0.29465675
14.19,0.294644383
14.2,0.294632038
14.21,0.294619725
14.22,0.294607434
14.23,0.294595163
14.24,0.294582914
14.25,0.294570696
14.26,0.294558501
14.27,0.294546325
14.28,0.294534172
14.29,0.294522049
14.3,0.294509948
14.31,0.294497866
14.32,0.294485807
14.33,0.294473779
14.34,0.29446177
14.35,0.294449784
14.36,0.294437826
14.37,0.294425881
14.38,0.294413966
14.39,0.294402071
14.4,0.294390208
14.41,0.294378354
14.42,0.29436653
14.43,0.294354738
14.44,0.294342955
14.45,0.294331204
14.46,0.294319471
14.47,0.29430776
14.48,0.294296069
14.49,0.294284407
14.5,0.294272765
14.51,0.294261143
14.52,0.294249541
14.53,0.29423797
14.54,0.294226418
14.55,0.294214876
14.56,0.294203374
14.57,0.29419188
14.58,0.294180417
14.59,0.294168973
14.6,0.294157549
14.61,0.294146154
14.62,0.294134769
14.63,0.294123413
14.64,0.294112076
14.65,0.294100768
14.66,0.29408947
14.67,0.294078201
14.68,0.294066952
14.69,0.294055721
14.7,0.294044519
14.71,0.294033336
14.72,0.294022172
14.73,0.294011027
14.74,0.293999901
14.75,0.293988803
14.76,0.293977725
14.77,0.293966665
14.78,0.293955623
14.79,0.293944611
14.8,0.293933606
14.81,0.293922641
14.82,0.293911683
14.83,0.293900744
14.84,0.293889835
14.85,0.293878941
14.86,0.293868058
14.87,0.293857213
14.88,0.293846375
14.89,0.293835566
14.9,0.293824775
14.91,0.293814001
14.92,0.293803246
14.93,0.293792519
14.94,0.2937818
14.95,0.293771119
14.96,0.293760445
14.97,0.29374979
14.98,0.293739162
14.99,0.293728541
15,0.293717948
15.01,0.293707383
15.02,0.293696825
15.03,0.293686295
15.04,0.293675773
15.05,0.293665278
15.06,0.29365481
15.07,0.29364435
15.08,0.293633917
15.09,0.293623501
15.1,0.293613102
15.11,0.293602721
15.12,0.293592357
15.13,0.29358202
15.14,0.29357169
15.15,0.293561397
15.16,0.293551111
15.17,0.293540852
15.18,0.2935306
15.19,0.293520374
15.2,0.293510166
15.21,0.293499974
15.22,0.293489799
15.23,0.29347965
15.24,0.293469518
15.25,0.293459404
15.26,0.293449305
15.27,0.293439233
15.28,0.293429168
15.29,0.293419129
15.3,0.293409106
15.31,0.2933991
15.32,0.29338911
15.33,0.293379136
15.34,0.293369189
15.35,0.293359258
15.36,0.293349342
15.37,0.293339443
15.38,0.293329571
15.39,0.293319704
15.4,0.293309863
15.41,0.293300038
15.42,0.293290229
15.43,0.293280446
15.44,0.293270669
15.45,0.293260918
15.46,0.293251183
15.47,0.293241463
15.48,0.293231759
15.49,0.29322208
15.5,0.293212408
15.51,0.293202761
15.52,0.29319313
15.53,0.293183513
15.54,0.293173923
15.55,0.293164337
15.56,0.293154778
15.57,0.293145234
15.58,0.293135705
15.59,0.293126191
15.6,0.293116692
15.61,0.29310722
15.62,0.293097762
15.63,0.29308831
15.64,0.293078892
15.65,0.293069479
15.66,0.293060081
15.67,0.293050709
15.68,0.293041351
15.69,0.293032009
15.7,0.293022681
15.71,0.293013369
15.72,0.293004081
15.73,0.292994797
15.74,0.292985539
15.75,0.292976296
15.76,0.292967067
15.77,0.292957853
15.78,0.292948663
15.79,0.292939488
15.8,0.292930317
15.81,0.292921172
15.82,0.29291204
15.83,0.292902934
15.84,0.292893831
15.85,0.292884742
15.86,0.292875679
15.87,0.29286663
15.88,0.292857595
15.89,0.292848583
15.9,0.292839577
15.91,0.292830595
15.92,0.292821616
15.93,0.292812663
15.94,0.292803722
15.95,0.292794796
15.96,0.292785895
15.97,0.292776997
15.98,0.292768123
15.99,0.292759263
16,0.292750416
16.01,0.292741584
16.02,0.292732766
16.03,0.292723972
16.04,0.292715181
16.05,0.292706413
16.06,0.29269766
16.07,0.29268892
16.08,0.292680194
16.09,0.292671491
16.1,0.292662793
16.11,0.292654118
16.12,0.292645456
16.13,0.292636808
16.14,0.292628172
16.15,0.292619551
16.16,0.292610943
16.17,0.292602359
16.18,0.292593787
16.19,0.29258523
16.2,0.292576685
16.21,0.292568153
16.22,0.292559635
16.23,0.29255114
16.24,0.292542648
16.25,0.292534179
16.26,0.292525723
16.27,0.292517281
16.28,0.292508852
16.29,0.292500435
16.3,0.292492041
16.31,0.29248366
16.32,0.292475283
16.33,0.292466928
16.34,0.292458586
16.35,0.292450267
16.36,0.292441951
16.37,0.292433646
16.38,0.292425366
16.39,0.292417098
16.4,0.292408842
16.41,0.292400599
16.42,0.292392369
16.43,0.292384152
16.44,0.292375957
16.45,0.292367765
16.46,0.292359595
16.47,0.292351437
16.48,0.292343293
16.49,0.29233516
16.5,0.292327039
16.51,0.292318942
16.52,0.292310846
16.53,0.292302774
16.54,0.292294712
16.55,0.292286664
16.56,0.292278628
16.57,0.292270604
16.58,0.292262592
16.59,0.292254602
16.6,0.292246625
16.61,0.292238648
16.62,0.292230696
16.63,0.292222754
16.64,0.292214824
16.65,0.292206918
16.66,0.292199012
16.67,0.292191129
16.68,0.292183247
16.69,0.292175387
16.7,0.29216754
16.71,0.292159703
16.72,0.292151879
16.73,0.292144067
16.74,0.292136277
16.75,0.292128488
16.76,0.29212072
16.77,0.292112965
16.78,0.292105221
16.79,0.292097488
16.8,0.292089768
16.81,0.292082069
16.82,0.292074372
16.83,0.292066696
16.84,0.292059021
16.85,0.292051368
16.86,0.292043727
16.87,0.292036096
16.88,0.292028487
16.89,0.29202088
16.9,0.292013284
16.91,0.29200571
16.92,0.291998136
16.93,0.291990584
16.94,0.291983044
16.95,0.291975514
16.96,0.291967995
16.97,0.291960498
16.98,0.291953002
16.99,0.291945517
17,0.291938053
17.01,0.2919306
17.02,0.291923159
17.03,0.291915728
17.04,0.291908307
17.05,0.29190091
17.06,0.291893511
17.07,0.291886124
17.08,0.291878758
17.09,0.291871403
17.1,0.291864049
17.11,0.291856716
17.12,0.291849404
17.13,0.291842092
17.14,0.291834791
17.15,0.291827501
17.16,0.291820231
17.17,0.291812962
17.18,0.291805714
17.19,0.291798477
17.2,0.29179125
17.21,0.291784034
17.22,0.291776838
17.23,0.291769643
17.24,0.291762458
17.25,0.291755294
17.26,0.291748131
17.27,0.291740988
17.28,0.291733855
17.29,0.291726733
17.3,0.291719621
17.31,0.29171252
17.32,0.291705439
17.33,0.291698358
17.34,0.291691288
17.35,0.291684237
17.36,0.291677198
17.37,0.291670168
17.38,0.291663149
17.39,0.29165614
17.4,0.291649141
17.41,0.291642152
17.42,0.291635183
17.43,0.291628225
17.44,0.291621266
17.45,0.291614327
17.46,0.2916074
17.47,0.291600481
17.48,0.291593573
17.49,0.291586675
17.5,0.291579787
17.51,0.291572918
17.52,0.29156605
17.53,0.291559191
17.54,0.291552352
17.55,0.291545524
17.56,0.291538705
17.57,0.291531896
17.58,0.291525097
17.59,0.291518308
17.6,0.291511527
17.61,0.291504767
17.62,0.291498007
17.63,0.291491267
17.64,0.291484535
17.65,0.291477804
17.66,0.291471093
17.67,0.29146439
17.68,0.291457699
17.69,0.291451015
17.7,0.291444352
17.71,0.291437688
17.72,0.291431044
17.73,0.291424399
17.74,0.291417774
17.75,0.291411158
17.76,0.291404552
17.77,0.291397954
17.78,0.291391368
17.79,0.291384789
17.8,0.291378221
17.81,0.291371671
17.82,0.291365121
17.83,0.29135859
17.84,0.291352068
17.85,0.291345546
17.86,0.291339043
17.87,0.291332549
17.88,0.291326064
17.89,0.291319589
17.9,0.291313123
17.91,0.291306675
17.92,0.291300228
17.93,0.291293799
17.94,0.291287369
17.95,0.291280958
17.96,0.291274557
17.97,0.291268164
17.98,0.29126178
17.99,0.291255406
18,0.29124904
18.01,0.291242684
18.02,0.291236345
18.03,0.291230017
18.04,0.291223686
18.05,0.291217376
18.06,0.291211063
18.07,0.29120477
18.08,0.291198486
18.09,0.29119221
18.1,0.291185943
18.11,0.291179685
18.12,0.291173446
18.13,0.291167205
18.14,0.291160973
18.15,0.291154759
18.16,0.291148556
18.17,0.29114236
18.18,0.291136163
18.19,0.291129984
18.2,0.291123815
18.21,0.291117653
18.22,0.2911115
18.23,0.291105366
18.24,0.291099231
18.25,0.291093103
18.26,0.291086995
18.27,0.291080894
18.28,0.291074793
18.29,0.29106871
18.3,0.291062635
18.31,0.291056569
18.32,0.29105051
18.33,0.291044462
18.34,0.29103842
18.35,0.291032387
18.36,0.291026373
18.37,0.291020357
18.38,0.291014359
18.39,0.291008369
18.4,0.291002378
18.41,0.290996405
18.42,0.290990441
18.43,0.290984484
18.44,0.290978536
18.45,0.290972595
18.46,0.290966664
18.47,0.29096075
18.48,0.290954834
18.49,0.290948937
18.5,0.290943037
18.51,0.290937156
18.52,0.290931283
18.53,0.290925408
18.54,0.290919551
18.55,0.290913702
18.56,0.29090786
18.57,0.290902027
18.58,0.290896202
18.59,0.290890395
18.6,0.290884586
18.61,0.290878794
18.62,0.290873001
18.63,0.290867225
18.64,0.290861448
18.65,0.290855689
18.66,0.290849936
18.67,0.290844193
18.68,0.290838456
18.69,0.290832728
18.7,0.290827008
18.71,0.290821294
18.72,0.290815599
18.73,0.290809903
18.74,0.290804213
18.75,0.290798541
18.76,0.290792876
18.77,0.290787209
18.78,0.290781561
18.79,0.29077592
18.8,0.290770286
18.81,0.29076466
18.82,0.290759042
18.83,0.290753431
18.84,0.290747827
18.85,0.290742243
18.86,0.290736655
18.87,0.290731083
18.88,0.290725511
18.89,0.290719946
18.9,0.290714398
18.91,0.290708857
18.92,0.290703323
18.93,0.290697798
18.94,0.29069228
18.95,0.290686769
18.96,0.290681266
18.97,0.290675769
18.98,0.290670281
18.99,0.2906648
19,0.290659336
19.01,0.290653879
19.02,0.29064842
19.03,0.290642978
19.04,0.290637533
19.05,0.290632106
19.06,0.290626685
19.07,0.290621272
19.08,0.290615867
19.09,0.290610469
19.1,0.290605077
19.11,0.290599692
19.12,0.290594316
19.13,0.290588956
19.14,0.290583593
19.15,0.290578248
19.16,0.2905729
19.17,0.290567569
19.18,0.290562245
19.19,0.290556917
19.2,0.290551606
19.21,0.290546303
19.22,0.290541008
19.23,0.290535719
19.24,0.290530437
19.25,0.290525162
19.26,0.290519894
19.27,0.290514643
19.28,0.290509389
19.29,0.290504151
19.3,0.290498911
19.31,0.290493688
19.32,0.290488472
19.33,0.290483252
19.34,0.29047805
19.35,0.290472854
19.36,0.290467665
19.37,0.290462483
19.38,0.290457308
19.39,0.290452139
19.4,0.290446977
19.41,0.290441823
19.42,0.290436684
19.43,0.290431543
19.44,0.290426409
19.45,0.29042129
19.46,0.290416179
19.47,0.290411065
19.48,0.290405967
19.49,0.290400876
19.5,0.290395792
19.51,0.290390704
19.52,0.290385633
19.53,0.290380578
19.54,0.290375511
19.55,0.290370469
19.56,0.290365425
19.57,0.290360386
19.58,0.290355365
19.59,0.290350339
19.6,0.290345321
19.61,0.290340319
19.62,0.290335324
19.63,0.290330325
19.64,0.290325342
19.65,0.290320366
19.66,0.290315397
19.67,0.290310433
19.68,0.290305467
19.69,0.290300527
19.7,0.290295583
19.71,0.290290645
19.72,0.290285715
19.73,0.29028079
19.74,0.290275881
19.75,0.29027097
19.76,0.290266074
19.77,0.290261175
19.78,0.290256293
19.79,0.290251406
19.8,0.290246536
19.81,0.290241671
19.82,0.290236814
19.83,0.290231962
19.84,0.290227107
19.85,0.290222268
19.86,0.290217445
19.87,0.290212618
19.88,0.290207798
19.89,0.290202985
19.9,0.290198176
19.91,0.290193384
19.92,0.290188589
19.93,0.290183809
19.94,0.290179026
19.95,0.290174258
19.96,0.290169487
19.97,0.290164733
19.98,0.290159983
19.99,0.290155241
20,0.290150504
20.01,0.290145774
20.02,0.290141049
20.03,0.29013633
20.04,0.290131618
20.05,0.290126911
20.06,0.29012221
20.07,0.290117525
20.08,0.290112837
20.09,0.290108154
20.1,0.290103487
20.11,0.290098816
20.12,0.290094162
20.13,0.290089513
20.14,0.29008486
20.15,0.290080222
20.16,0.290075591
20.17,0.290070965
20.18,0.290066346
20.19,0.290061733
20.2,0.290057115
20.21,0.290052523
20.22,0.290047927
20.23,0.290043336
20.24,0.290038752
20.25,0.290034172
20.26,0.29002961
20.27,0.290025043
20.28,0.290020491
20.29,0.290015936
20.3,0.290011396
20.31,0.290006851
20.32,0.290002322
20.33,0.2899978
20.34,0.289993272
20.35,0.289988761
20.36,0.289984256
20.37,0.289979756
20.38,0.289975261
20.39,0.289970772
20.4,0.289966289
20.41,0.289961811
20.42,0.28995735
20.43,0.289952883
20.44,0.289948423
20.45,0.289943977
20.46,0.289939528
20.47,0.289935094
20.48,0.289930655
20.49,0.289926232
20.5,0.289921805
20.51,0.289917393
20.52,0.289912987
20.53,0.289908576
20.54,0.28990418
20.55,0.28989979
20.56,0.289895406
20.57,0.289891028
20.58,0.289886653
20.59,0.289882285
20.6,0.289877922
20.61,0.289873575
20.62,0.289869224
20.63,0.289864877
20.64,0.289860536
20.65,0.289856211
20.66,0.28985188
20.67,0.289847556
20.68,0.289843246
20.69,0.289838932
20.7,0.289834633
20.71,0.28983034
20.72,0.289826051
20.73,0.289821759
20.74,0.289817481
20.75,0.289813209
20.76,0.289808941
20.77,0.289804679
20.78,0.289800423
20.79,0.289796172
20.8,0.289791926
20.81,0.289787686
20.82,0.28978346
20.83,0.289779229
20.84,0.289775004
20.85,0.289770794
20.86,0.289766579
20.87,0.28976237
20.88,0.289758176
20.89,0.289753976
20.9,0.289749792
20.91,0.289745613
20.92,0.289741429
20.93,0.28973726
20.94,0.289733097
20.95,0.289728928
20.96,0.289724784
20.97,0.289720627
20.98,0.289716494
20.99,0.289712345
21,0.289708212
21.01,0.289704093
21.02,0.28969997
21.03,0.289695852
21.04,0.28969174
21.05,0.289687641
21.06,0.289683539
21.07,0.28967944
21.08,0.289675357
21.09,0.28967127
21.1,0.289667196
21.11,0.289663118
21.12,0.289659055
21.13,0.289654987
21.14,0.289650933
21.15,0.289646885
21.16,0.289642842
21.17,0.289638793
21.18,0.28963477
21.19,0.28963073
21.2,0.289626707
21.21,0.289622688
21.22,0.289618673
21.23,0.289614664
21.24,0.28961067
21.25,0.28960667
21.26,0.289602676
21.27,0.289598685
21.28,0.2895947
21.29,0.28959073
21.3,0.289586754
21.31,0.289582794
21.32,0.289578828
21.33,0.289574877
21.34,0.28957092
21.35,0.289566978
21.36,0.289563042
21.37,0.289559099
21.38,0.289555172
21.39,0.289551249
21.4,0.289547331
21.41,0.289543417
21.42,0.289539499
21.43,0.289535605
21.44,0.289531695
21.45,0.289527801
21.46,0.289523921
21.47,0.289520036
21.48,0.289516145
21.49,0.289512279
21.5,0.289508408
21.51,0.289504541
21.52,0.289500689
21.53,0.289496831
21.54,0.289492989
21.55,0.289489141
21.56,0.289485296
21.57,0.289481467
21.58,0.289477642
21.59,0.289473813
21.6,0.289469997
21.61,0.289466186
21.62,0.289462369
21.63,0.289458568
21.64,0.28945477
21.65,0.289450978
21.66,0.28944719
21.67,0.289443395
21.68,0.289439627
21.69,0.289435851
21.7,0.289432071
21.71,0.289428315
21.72,0.289424553
21.73,0.289420796
21.74,0.289417054
21.75,0.289413306
21.76,0.289409563
21.77,0.289405822
21.78,0.289402098
21.79,0.289398367
21.8,0.289394651
21.81,0.289390929
21.82,0.289387222
21.83,0.28938351
21.84,0.289379811
21.85,0.289376117
21.86,0.289372417
21.87,0.289368721
21.88,0.28936505
21.89,0.289361363
21.9,0.289357691
21.91,0.289354022
21.92,0.289350358
21.93,0.289346699
21.94,0.289343044
21.95,0.289339393
21.96,0.289335746
21.97,0.289332104
21.98,0.289328466
21.99,0.289324832
22,0.289321202
22.01,0.289317587
22.02,0.289313966
22.03,0.289310348
22.04,0.289306745
22.05,0.289303138
22.06,0.289299543
22.07,0.289295943
22.08,0.289292357
22.09,0.289288765
22.1,0.289285187
22.11,0.289281604
22.12,0.289278035
22.13,0.28927447
22.14,0.289270899
22.15,0.289267343
22.16,0.28926379
22.17,0.289260242
22.18,0.289256687
22.19,0.289253157
22.2,0.28924961
22.21,0.289246078
22.22,0.289242551
22.23,0.289239027
22.24,0.289235516
22.25,0.289232001
22.26,0.289228489
22.27,0.289224982
22.28,0.289221478
22.29,0.289217979
22.3,0.289214494
22.31,0.289211002
22.32,0.289207515
22.33,0.289204042
22.34,0.289200562
22.35,0.289197087
22.36,0.289193626
22.37,0.289190168
22.38,0.289186715
22.39,0.289183255
22.4,0.28917981
22.41,0.289176368
22.42,0.289172921
22.43,0.289169488
22.44,0.289166058
22.45,0.289162623
22.46,0.289159201
22.47,0.289155783
22.48,0.28915237
22.49,0.28914896
22.5,0.289145554
22.51,0.289142152
22.52,0.289138753
22.53,0.289135359
22.54,0.289131969
22.55,0.289128591
22.56,0.289125209
22.57,0.28912183
22.58,0.289118455
22.59,0.289115084
22.6,0.289111717
22.61,0.289108363
22.62,0.289105004
22.63,0.289101648
22.64,0.289098307
22.65,0.289094959
22.66,0.289091623
22.67,0.289088293
22.68,0.289084956
22.69,0.289081634
22.7,0.289078314
22.71,0.289074989
22.72,0.289071677
22.73,0.28906837
22.74,0.289065055
22.75,0.289061755
22.76,0.289058458
22.77,0.289055166
22.78,0.289051876
22.79,0.289048591
22.8,0.289045309
22.81,0.289042031
22.82,0.289038757
22.83,0.289035487
22.84,0.28903222
22.85,0.289028956
22.86,0.289025698
22.87,0.289022442
22.88,0.28901919
22.89,0.289015951
22.9,0.289012706
22.91,0.289009464
22.92,0.289006237
22.93,0.289003003
22.94,0.288999774
22.95,0.288996556
22.96,0.288993334
22.97,0.288990124
22.98,0.288986909
22.99,0.288983706
23,0.288980498
23.01,0.288977303
23.02,0.288974102
23.03,0.288970914
23.04,0.28896773
23.05,0.288964549
23.06,0.288961372
23.07,0.288958189
23.08,0.288955018
23.09,0.288951852
23.1,0.28894869
23.11,0.28894553
23.12,0.288942375
23.13,0.288939212
23.14,0.288936073
23.15,0.288932928
23.16,0.288929776
23.17,0.288926648
23.18,0.288923513
23.19,0.288920382
23.2,0.288917255
23.21,0.28891413
23.22,0.28891101
23.23,0.288907902
23.24,0.288904788
23.25,0.288901689
23.26,0.288898582
23.27,0.288895478
23.28,0.288892388
23.29,0.288889291
23.3,0.288886198
23.31,0.288883118
23.32,0.288880032
23.33,0.28887696
23.34,0.28887389
23.35,0.288870814
23.36,0.288867751
23.37,0.288864681
23.38,0.288861626
23.39,0.288858573
23.4,0.288855524
23.41,0.288852468
23.42,0.288849426
23.43,0.288846387
23.44,0.288843351
23.45,0.288840319
23.46,0.28883729
23.47,0.288834253
23.48,0.288831242
23.49,0.288828212
23.5,0.288825197
23.51,0.288822195
23.52,0.288819175
23.53,0.28881618
23.54,0.288813178
23.55,0.288810178
23.56,0.288807183
23.57,0.28880419
23.58,0.28880121
23.59,0.288798224
23.6,0.288795241
23.61,0.288792262
23.62,0.288789296
23.63,0.288786323
23.64,0.288783354
23.65,0.288780397
23.66,0.288777434
23.67,0.288774484
23.68,0.288771527
23.69,0.288768583
23.7,0.288765643
23.71,0.288762696
23.72,0.288759762
23.73,0.288756832
23.74,0.288753894
23.75,0.288750969
23.76,0.288748039
23.77,0.288745121
23.78,0.288742206
23.79,0.288739294
23.8,0.288736376
23.81,0.288733481
23.82,0.288730569
23.83,0.28872767
23.84,0.288724775
23.85,0.288721881
23.86,0.288718992
23.87,0.288716106
23.88,0.288713222
23.89,0.288710343
23.9,0.288707466
23.91,0.288704591
23.92,0.288701721
23.93,0.288698854
23.94,0.288695999
23.95,0.288693137
23.96,0.288690279
23.97,0.288687424
23.98,0.288684582
23.99,0.288681732
24,0.288678886
24.01,0.288676053
24.02,0.288673213
24.03,0.288670377
24.04,0.288667552
24.05,0.288664722
24.06,0.288661895
24.07,0.28865908
24.08,0.288656258
24.09,0.28865345
24.1,0.288650644
24.11,0.288647831
24.12,0.288645032
24.13,0.288642236
24.14,0.288639432
24.15,0.288636641
24.16,0.288633855
24.17,0.288631059
24.18,0.288628278
24.19,0.288625499
24.2,0.288622724
24.21,0.288619952
24.22,0.288617171
24.23,0.288614405
24.24,0.288611641
24.25,0.288608881
24.26,0.288606122
24.27,0.288603368
24.28,0.288600616
24.29,0.288597867
24.3,0.288595121
24.31,0.288592378
24.32,0.288589637
24.33,0.288586901
24.34,0.288584166
24.35,0.288581445
24.36,0.288578715
24.37,0.288575991
24.38,0.288573268
24.39,0.288570558
24.4,0.288567841
24.41,0.288565127
24.42,0.288562416
24.43,0.288559718
24.44,0.288557012
24.45,0.288554309
24.46,0.28855162
24.47,0.288548923
24.48,0.288546239
24.49,0.288543547
24.5,0.28854087
24.51,0.288538194
24.52,0.288535511
24.53,0.288532831
24.54,0.288530165
24.55,0.2885275
24.56,0.288524829
24.57,0.28852217
24.58,0.288519515
24.59,0.288516852
24.6,0.288514202
24.61,0.288511554
24.62,0.2885089
24.63,0.288506268
24.64,0.288503619
24.65,0.288500983
24.66,0.28849835
24.67,0.288495719
24.68,0.288493091
24.69,0.288490466
24.7,0.288487844
24.71,0.288485224
24.72,0.288482607
24.73,0.288479983
24.74,0.288477382
24.75,0.288474773
24.76,0.288472167
24.77,0.288469564
24.78,0.288466964
24.79,0.288464366
24.8,0.288461771
24.81,0.288459179
24.82,0.288456599
24.83,0.288454012
24.84,0.288451429
24.85,0.288448857
24.86,0.288446278
24.87,0.288443703
24.88,0.288441129
24.89,0.288438568
24.9,0.288436
24.91,0.288433435
24.92,0.288430882
24.93,0.288428322
24.94,0.288425775
24.95,0.28842322
24.96,0.288420678
24.97,0.288418129
24.98,0.288415593
24.99,0.288413048
25,0.288410517
0.01,0.542559414
0.02,0.542559414
0.03,0.542559414
0.04,0.542559414
0.05,0.542559414
0.06,0.542559414
0.07,0.542559414
0.08,0.542559414
0.09,0.542559414
0.1,0.542559414
0.11,0.542559414
0.12,0.542559414
0.13,0.542559414
0.14,0.542559414
0.15,0.542559414
0.16,0.542559414
0.17,0.542559414
0.18,0.542559414
0.19,0.542559414
0.2,0.542559414
0.21,0.542559414
0.22,0.542559414
0.23,0.542559414
0.24,0.542559414
0.25,0.542559414
0.26,0.542976348
0.27,0.543393303
0.28,0.543810216
0.29,0.544227171
0.3,0.544644105
0.31,0.545061059
0.32,0.545478013
0.33,0.545894927
0.34,0.546311881
0.35,0.546728815
0.36,0.547145749
0.37,0.547562683
0.38,0.547979637
0.39,0.548396592
0.4,0.548813526
0.41,0.54923046
0.42,0.549647394
0.43,0.550064348
0.44,0.550481282
0.45,0.550898236
0.46,0.55131517
0.47,0.551732104
0.48,0.552149059
0.49,0.552565972
0.5,0.552982927
0.51,0.553399881
0.52,0.553816815
0.53,0.554233769
0.54,0.554650683
0.55,0.555067637
0.56,0.555484571
0.57,0.555901505
0.58,0.556318459
0.59,0.556735393
0.6,0.557152327
0.61,0.55832381
0.62,0.559468147
0.63,0.560612484
0.64,0.561756821
0.65,0.562901158
0.66,0.564045494
0.67,0.565189831
0.68,0.566334168
0.69,0.567478301
0.7,0.568622638
0.71,0.569766974
0.72,0.570911311
0.73,0.572055648
0.74,0.573199985
0.75,0.574344322
0.76,0.575488658
0.77,0.576632995
0.78,0.577777332
0.79,0.578921669
0.8,0.580066006
0.81,0.581210342
0.82,0.582354679
0.83,0.583499016
0.84,0.584643353
0.85,0.58578769
0.86,0.586932026
0.87,0.588076363
0.88,0.5892207
0.89,0.590365037
0.9,0.591509374
0.91,0.595650898
0.92,0.607697243
0.93,0.62415914
0.94,0.63910797
0.95,0.6540568
0.96,0.669005631
0.97,0.683954461
0.98,0.698903292
0.99,0.713852122
1,0.728800952
1.01,0.743749783
1.02,0.758698613
1.03,0.773647444
1.04,0.788596274
1.05,0.803545105
1.06,0.803540988
1.07,0.803534833
1.08,0.803527553
1.09,0.803519669
1.1,0.803474463
1.11,0.803435986
1.12,0.803494842
1.13,0.803611686
1.14,0.803775577
1.15,0.80398072
1.16,0.803331219
1.17,0.802687607
1.18,0.802080566
1.19,0.801316974
1.2,0.800088073
1.21,0.798897866
1.22,0.797745471
1.23,0.796629831
1.24,0.7955504
1.25,0.794506418
1.26,0.793497175
1.27,0.792522242
1.28,0.79158113
1.29,0.790673386
1.3,0.789798415
1.31,0.788956138
1.32,0.788145916
1.33,0.787367632
1.34,0.786620788
1.35,0.785905334
1.36,0.785220803
1.37,0.784567083
1.38,0.783943957
1.39,0.783351229
1.4,0.782788626
1.41,0.782255994
1.42,0.781753178
1.43,0.781280137
1.44,0.78083666
1.45,0.780422634
1.46,0.780037962
1.47,0.77968245
1.48,0.779356242
1.49,0.779059053
1.5,0.778790823
1.51,0.777185091
1.52,0.775356875
1.53,0.773539171
1.54,0.771731334
1.55,0.769933107
1.56,0.768143843
1.57,0.766363361
1.58,0.764591082
1.59,0.762826741
1.6,0.761069919
1.61,0.759320384
1.62,0.757577738
1.63,0.755841822
1.64,0.754112128
1.65,0.752388638
1.66,0.750670994
1.67,0.748958871
1.68,0.747252182
1.69,0.74554959
1.7,0.743850859
1.71,0.742155751
1.72,0.740464139
1.73,0.738776
1.74,0.737091108
1.75,0.735409455
1.76,0.733730754
1.77,0.732054994
1.78,0.73038209
1.79,0.728711967
1.8,0.727044422
1.81,0.72537951
1.82,0.723717141
1.83,0.722057166
1.84,0.720399512
1.85,0.718744134
1.86,0.717090974
1.87,0.715439991
1.88,0.71379114
1.89,0.712144378
1.9,0.71049967
1.91,0.708856878
1.92,0.707216076
1.93,0.705577135
1.94,0.703940017
1.95,0.702304816
1.96,0.700671303
1.97,0.699039653
1.98,0.697409759
1.99,0.695781494
2,0.694154962
2.01,0.692855722
2.02,0.69154653
2.03,0.690238824
2.04,0.688932613
2.05,0.687627949
2.06,0.686324933
2.07,0.685023737
2.08,0.683724225
2.09,0.682426667
2.1,0.681130948
2.11,0.679837127
2.12,0.678545458
2.13,0.677255821
2.14,0.675968265
2.15,0.674682858
2.16,0.673399746
2.17,0.672118802
2.18,0.670840269
2.19,0.669564093
2.2,0.668290241
2.21,0.667018856
2.22,0.665749976
2.23,0.664483565
2.24,0.663219768
2.25,0.661958505
2.26,0.660699848
2.27,0.659443822
2.28,0.658190585
2.29,0.656939938
2.3,0.655692061
2.31,0.654446969
2.32,0.653204695
2.33,0.651965184
2.34,0.650728474
2.35,0.649494682
2.36,0.648263841
2.37,0.647035784
2.38,0.645810649
2.39,0.644588549
2.4,0.643369324
2.41,0.642153086
2.42,0.640939881
2.43,0.639729614
2.44,0.638522405
2.45,0.637318293
2.46,0.636117087
2.47,0.634919023
2.48,0.633723994
2.49,0.632532037
2.5,0.631343172
2.51,0.630157412
2.52,0.628974665
2.53,0.627795049
2.54,0.626618586
2.55,0.625445186
2.56,0.624274852
2.57,0.623107705
2.58,0.621943662
2.59,0.620782722
2.6,0.619624797
2.61,0.6184701
2.62,0.617318541
2.63,0.616170013
2.64,0.615024641
2.65,0.613882313
2.66,0.612743044
2.67,0.61160695
2.68,0.61047391
2.69,0.609344046
2.7,0.608217143
2.71,0.607093321
2.72,0.60597257
2.73,0.60485491
2.74,0.603740212
2.75,0.602628585
2.76,0.601519937
2.77,0.600414355
2.78,0.599311642
2.79,0.598212002
2.8,0.597117906
2.81,0.596029467
2.82,0.594943991
2.83,0.593861445
2.84,0.592781748
2.85,0.591704978
2.86,0.59063103
2.87,0.589559221
2.88,0.588489393
2.89,0.587422385
2.9,0.586358182
2.91,0.58529676
2.92,0.584238089
2.93,0.583182172
2.94,0.582128975
2.95,0.581078457
2.96,0.580030633
2.97,0.578985452
2.98,0.577942916
2.99,0.576902967
3,0.575865625
3.01,0.574924313
3.02,0.574030132
3.03,0.573138185
3.04,0.572248475
3.05,0.571361011
3.06,0.570475774
3.07,0.569592835
3.08,0.568712162
3.09,0.567833779
3.1,0.566957675
3.11,0.566083882
3.12,0.565212393
3.13,0.564343228
3.14,0.56347639
3.15,0.562611877
3.16,0.561749692
3.17,0.560889857
3.18,0.560032379
3.19,0.55917726
3.2,0.558324481
3.21,0.557474099
3.22,0.556626064
3.23,0.555780414
3.24,0.554937145
3.25,0.554096252
3.26,0.553257752
3.27,0.552421634
3.28,0.551587925
3.29,0.550756608
3.3,0.549927697
3.31,0.549101184
3.32,0.548277063
3.33,0.547455367
3.34,0.546636067
3.35,0.545819181
3.36,0.545004704
3.37,0.544192635
3.38,0.543382999
3.39,0.542575751
3.4,0.541770917
3.41,0.540968509
3.42,0.540168514
3.43,0.539370922
3.44,0.538575759
3.45,0.537782986
3.46,0.536992629
3.47,0.536204693
3.48,0.53541915
3.49,0.53463602
3.5,0.533855297
3.51,0.533076969
3.52,0.532301044
3.53,0.531527514
3.54,0.530756372
3.55,0.529987637
3.56,0.529221288
3.57,0.52845732
3.58,0.52769575
3.59,0.526936539
3.6,0.526179716
3.61,0.525425251
3.62,0.524673163
3.63,0.523923449
3.64,0.523176087
3.65,0.522431076
3.66,0.521688419
3.67,0.520948114
3.68,0.520210144
3.69,0.519474506
3.7,0.518741222
3.71,0.518010242
3.72,0.517281595
3.73,0.516555248
3.74,0.515831232
3.75,0.51510951
3.76,0.514390087
3.77,0.513672954
3.78,0.512958104
3.79,0.512245534
3.8,0.511535248
3.81,0.510827227
3.82,0.510121445
3.83,0.509417946
3.84,0.508716673
3.85,0.508017658
3.86,0.507320867
3.87,0.506626299
3.88,0.505933948
3.89,0.505243807
3.9,0.504555878
3.91,0.503870143
3.92,0.503186596
3.93,0.502505229
3.94,0.501826041
3.95,0.501149009
3.96,0.500474141
3.97,0.49980142
3.98,0.499130837
3.99,0.498462397
4,0.497796067
4.01,0.49713186
4.02,0.49646976
4.03,0.495809755
4.04,0.495151847
4.05,0.49449602
4.06,0.49384227
4.07,0.493190573
4.08,0.492540928
4.09,0.491893333
4.1,0.491247774
4.11,0.490604258
4.12,0.489962748
4.13,0.489323241
4.14,0.488685742
4.15,0.488050239
4.16,0.487416704
4.17,0.486785144
4.18,0.486155554
4.19,0.485527909
4.2,0.484902204
4.21,0.484278437
4.22,0.483656596
4.23,0.483036665
4.24,0.48241864
4.25,0.481802505
4.26,0.481188246
4.27,0.480575866
4.28,0.479965351
4.29,0.479356685
4.3,0.47875233
4.31,0.478148223
4.32,0.477545973
4.33,0.476945538
4.34,0.476346912
4.35,0.475750101
4.36,0.475155074
4.37,0.47456182
4.38,0.473970352
4.39,0.473380636
4.4,0.472792671
4.41,0.472206458
4.42,0.471621955
4.43,0.471039172
4.44,0.470458107
4.45,0.469878729
4.46,0.469301038
4.47,0.468725022
4.48,0.468150671
4.49,0.467577973
4.5,0.467006916
4.51,0.46643748
4.52,0.465869674
4.53,0.465303476
4.54,0.464738876
4.55,0.464175862
4.56,0.463614421
4.57,0.463054543
4.58,0.462496228
4.59,0.461939442
4.6,0.461384196
4.61,0.460830458
4.62,0.460278234
4.63,0.459727515
4.64,0.45917828
4.65,0.458630505
4.66,0.4580842
4.67,0.457539343
4.68,0.456995934
4.69,0.456453949
4.7,0.455913398
4.71,0.455374227
4.72,0.454836466
4.73,0.454300083
4.74,0.453765068
4.75,0.453231407
4.76,0.452699098
4.77,0.452168141
4.78,0.451638484
4.79,0.451110162
4.8,0.450583128
4.81,0.450057397
4.82,0.449532938
4.83,0.449009749
4.84,0.448487809
4.85,0.447967114
4.86,0.447447645
4.87,0.446929407
4.88,0.44641238
4.89,0.445896542
4.9,0.44538189
4.91,0.444868412
4.92,0.444356088
4.93,0.443844933
4.94,0.443334899
4.95,0.44282601
4.96,0.442318215
4.97,0.441811532
4.98,0.441305931
4.99,0.440801429
5,0.440297982
5.01,0.43984168
5.02,0.439352746
5.03,0.438865081
5.04,0.438378664
5.05,0.437893467
5.06,0.437409506
5.07,0.436926739
5.08,0.436445182
5.09,0.435964792
5.1,0.435485562
5.11,0.435007491
5.12,0.434530564
5.13,0.434054749
5.14,0.433580059
5.15,0.433106463
5.16,0.432633945
5.17,0.432162504
5.18,0.431692123
5.19,0.431222782
5.2,0.430754473
5.21,0.430287176
5.22,0.429820886
5.23,0.429355587
5.24,0.428891268
5.25,0.428427906
5.26,0.427965505
5.27,0.427504034
5.28,0.427043486
5.29,0.426583839
5.3,0.426125101
5.31,0.425667246
5.32,0.42520791
5.33,0.424745448
5.34,0.424283826
5.35,0.423823039
5.36,0.423363043
5.37,0.422903854
5.38,0.422445451
5.39,0.421987819
5.4,0.421530965
5.41,0.421074836
5.42,0.420619457
5.43,0.420164776
5.44,0.419710821
5.45,0.419257566
5.46,0.418804978
5.47,0.418353065
5.48,0.417901803
5.49,0.417451189
5.5,0.417001208
5.51,0.41655184
5.52,0.41610307
5.53,0.415654893
5.54,0.415207298
5.55,0.414760262
5.56,0.41431378
5.57,0.413867839
5.58,0.413422427
5.59,0.412977521
5.6,0.412533117
5.61,0.412089201
5.62,0.41164576
5.63,0.411202794
5.64,0.410760255
5.65,0.410318154
5.66,0.409876485
5.67,0.409435226
5.68,0.408994364
5.69,0.408553886
5.7,0.408113769
5.71,0.40767402
5.72,0.407234626
5.73,0.406795553
5.74,0.406356807
5.75,0.405918367
5.76,0.405480221
5.77,0.405042354
5.78,0.404604772
5.79,0.404167435
5.8,0.403730349
5.81,0.403293499
5.82,0.402856866
5.83,0.402420433
5.84,0.401984198
5.85,0.40154814
5.86,0.401112255
5.87,0.40067653
5.88,0.400240942
5.89,0.399805499
5.9,0.399370176
5.91,0.398934941
5.92,0.398499814
5.93,0.398064759
5.94,0.397629784
5.95,0.397194847
5.96,0.396759973
5.97,0.396325131
5.98,0.395890289
5.99,0.395455472
6,0.395020639
6.01,0.394616965
6.02,0.394249262
6.03,0.393882323
6.04,0.393516119
6.05,0.393150664
6.06,0.392785967
6.07,0.392421995
6.08,0.392058774
6.09,0.391696284
6.1,0.391334529
6.11,0.390973501
6.12,0.390613192
6.13,0.390253623
6.14,0.389894771
6.15,0.389536643
6.16,0.389179226
6.17,0.388822528
6.18,0.388466534
6.19,0.388111244
6.2,0.387756677
6.21,0.387402807
6.22,0.387049634
6.23,0.386697164
6.24,0.386345395
6.25,0.385994314
6.26,0.385643918
6.27,0.385294215
6.28,0.384945195
6.29,0.384596873
6.3,0.384249217
6.31,0.383902244
6.32,0.383555943
6.33,0.38321032
6.34,0.382865375
6.35,0.382521081
6.36,0.382177472
6.37,0.38183451
6.38,0.381492214
6.39,0.381150584
6.4,0.380809597
6.41,0.380469278
6.42,0.380129597
6.43,0.37979058
6.44,0.379452197
6.45,0.379114466
6.46,0.378777372
6.47,0.378440923
6.48,0.378105107
6.49,0.377769924
6.5,0.377435379
6.51,0.377101463
6.52,0.376768171
6.53,0.376435508
6.54,0.376103468
6.55,0.375772055
6.56,0.375441249
6.57,0.375111075
6.58,0.374781504
6.59,0.374452551
6.6,0.374124195
6.61,0.373796454
6.62,0.373469326
6.63,0.373142799
6.64,0.372816869
6.65,0.372491535
6.66,0.372166806
6.67,0.371842669
6.68,0.371519123
6.69,0.371196174
6.7,0.3708738
6.71,0.37055203
6.72,0.370230833
6.73,0.369910215
6.74,0.369590183
6.75,0.369270717
6.76,0.368951846
6.77,0.368633535
6.78,0.368315794
6.79,0.36799863
6.8,0.367682032
6.81,0.367365997
6.82,0.367050522
6.83,0.366735618
6.84,0.366421262
6.85,0.366107471
6.86,0.365794232
6.87,0.365481547
6.88,0.36516942
6.89,0.364857831
6.9,0.364546798
6.91,0.3642363
6.92,0.363926353
6.93,0.363616945
6.94,0.363308077
6.95,0.362999755
6.96,0.362691957
6.97,0.362384702
6.98,0.362077967
6.99,0.361771771
7,0.361481362
7.01,0.361223178
7.02,0.360965756
7.03,0.360709087
7.04,0.360453167
7.05,0.360198006
7.06,0.359943601
7.07,0.35968993
7.08,0.359437012
7.09,0.359184825
7.1,0.358933377
7.11,0.358682657
7.12,0.358432683
7.13,0.358183421
7.14,0.357934882
7.15,0.357687063
7.16,0.357439974
7.17,0.357194646
7.18,0.35695057
7.19,0.356707206
7.2,0.356464564
7.21,0.356222613
7.22,0.355981361
7.23,0.355740814
7.24,0.355500962
7.25,0.355261795
7.26,0.355023329
7.27,0.354785564
7.28,0.354548456
7.29,0.354312036
7.3,0.354076322
7.31,0.35384126
7.32,0.353606881
7.33,0.353373172
7.34,0.353140132
7.35,0.35290776
7.36,0.352676041
7.37,0.352444998
7.38,0.352214618
7.39,0.351984888
7.4,0.351755817
7.41,0.351527383
7.42,0.351299606
7.43,0.351072474
7.44,0.350845986
7.45,0.350620139
7.46,0.350394942
7.47,0.350170363
7.48,0.349946421
7.49,0.349723114
7.5,0.349500442
7.51,0.349278393
7.52,0.349056963
7.53,0.348836165
7.54,0.348615974
7.55,0.348396409
7.56,0.34817745
7.57,0.347959104
7.58,0.34774137
7.59,0.347524248
7.6,0.347307724
7.61,0.347091809
7.62,0.346876499
7.63,0.346661775
7.64,0.346447655
7.65,0.346234128
7.66,0.346021189
7.67,0.345808841
7.68,0.345597082
7.69,0.345385907
7.7,0.3451753
7.71,0.344965285
7.72,0.344755853
7.73,0.344546993
7.74,0.344338711
7.75,0.344130988
7.76,0.343923843
7.77,0.343717264
7.78,0.343511257
7.79,0.343305804
7.8,0.343100923
7.81,0.342896583
7.82,0.342692812
7.83,0.342489589
7.84,0.342286922
7.85,0.342084809
7.86,0.34188324
7.87,0.341682214
7.88,0.341481749
7.89,0.341281815
7.9,0.341082409
7.91,0.34088355
7.92,0.340685228
7.93,0.340487451
7.94,0.340290196
7.95,0.340093475
7.96,0.339897275
7.97,0.339701605
7.98,0.339506462
7.99,0.339311838
8,0.33911774
8.01,0.338924157
8.02,0.338731087
8.03,0.338538539
8.04,0.338346494
8.05,0.338154968
8.06,0.337963952
8.07,0.337773444
8.08,0.337583441
8.09,0.337393935
8.1,0.337204932
8.11,0.337016432
8.12,0.336828425
8.13,0.336640918
8.14,0.336453921
8.15,0.336267391
8.16,0.33608138
8.17,0.335895835
8.18,0.335710773
8.19,0.335526217
8.2,0.335342133
8.21,0.335158539
8.22,0.334975417
8.23,0.334792786
8.24,0.334610621
8.25,0.334428922
8.26,0.334247711
8.27,0.334066964
8.28,0.333886692
8.29,0.333706881
8.3,0.333527552
8.31,0.333348685
8.32,0.333170266
8.33,0.332992326
8.34,0.332814822
8.35,0.332637806
8.36,0.332461225
8.37,0.332285118
8.38,0.332109444
8.39,0.331934232
8.4,0.33175947
8.41,0.33158516
8.42,0.331411296
8.43,0.331237873
8.44,0.331064905
8.45,0.330892362
8.46,0.330720266
8.47,0.330548623
8.48,0.330377402
8.49,0.330206623
8.5,0.330036276
8.51,0.329866368
8.52,0.329696878
8.53,0.329527826
8.54,0.329359212
8.55,0.329191014
8.56,0.329023249
8.57,0.328855898
8.58,0.328688972
8.59,0.328522475
8.6,0.328356391
8.61,0.328190726
8.62,0.328025471
8.63,0.327860654
8.64,0.327696222
8.65,0.327532219
8.66,0.327368629
8.67,0.327205445
8.68,0.327042673
8.69,0.326880294
8.7,0.326718337
8.71,0.326556769
8.72,0.326395613
8.73,0.326234854
8.74,0.326074493
8.75,0.32591454
8.76,0.325754972
8.77,0.325595808
8.78,0.325437029
8.79,0.325278664
8.8,0.325120662
8.81,0.324963059
8.82,0.324805859
8.83,0.324649037
8.84,0.324492596
8.85,0.324336551
8.86,0.324180884
8.87,0.324025593
8.88,0.323870687
8.89,0.323716167
8.9,0.323562029
8.91,0.323408254
8.92,0.323254872
8.93,0.323101851
8.94,0.322949198
8.95,0.322796927
8.96,0.322645024
8.97,0.322493488
8.98,0.32234233
8.99,0.322191537
9,0.32204109
9.01,0.321891027
9.02,0.321741327
9.03,0.321591991
9.04,0.321443006
9.05,0.321294382
9.06,0.321146119
9.07,0.320998216
9.08,0.320850672
9.09,0.320703475
9.1,0.320556634
9.11,0.320410151
9.12,0.320264013
9.13,0.32011822
9.14,0.319972792
9.15,0.319827705
9.16,0.319682953
9.17,0.319538551
9.18,0.31939451
9.19,0.319250799
9.2,0.319107428
9.21,0.318964405
9.22,0.318821721
9.23,0.318679373
9.24,0.318537361
9.25,0.318395685
9.26,0.318254344
9.27,0.318113337
9.28,0.317972673
9.29,0.317832332
9.3,0.317692333
9.31,0.317552655
9.32,0.317413308
9.33,0.317274289
9.34,0.317135581
9.35,0.316997209
9.36,0.316859176
9.37,0.316721449
9.38,0.316584059
9.39,0.316446984
9.4,0.316310233
9.41,0.316173796
9.42,0.316037673
9.43,0.315901871
9.44,0.315766383
9.45,0.315631224
9.46,0.315496367
9.47,0.315361819
9.48,0.31522759
9.49,0.31509367
9.5,0.314960057
9.51,0.314825381
9.52,0.31469061
9.53,0.314556145
9.54,0.314422006
9.55,0.31428816
9.56,0.314154658
9.57,0.314021439
9.58,0.313888542
9.59,0.313755967
9.6,0.313623703
9.61,0.313491729
9.62,0.313360065
9.63,0.31322872
9.64,0.313097683
9.65,0.312966935
9.66,0.312836513
9.67,0.312706367
9.68,0.312576548
9.69,0.312447012
9.7,0.312317773
9.71,0.312188847
9.72,0.312060214
9.73,0.311931884
9.74,0.311803846
9.75,0.311676099
9.76,0.311548643
9.77,0.311421477
9.78,0.311294631
9.79,0.311168053
9.8,0.311041764
9.81,0.310915772
9.82,0.310790058
9.83,0.31066464
9.84,0.310539518
9.85,0.310414671
9.86,0.310290109
9.87,0.310165831
9.88,0.310041836
9.89,0.309918115
9.9,0.309794696
9.91,0.309671538
9.92,0.309548671
9.93,0.309426085
9.94,0.309303769
9.95,0.309181723
9.96,0.309059965
9.97,0.308938475
9.98,0.308817273
9.99,0.308696328
10,0.30857566
10.01,0.308545539
10.02,0.308510331
10.03,0.30847522
10.04,0.308440198
10.05,0.308405273
10.06,0.308370448
10.07,0.308335699
10.08,0.308301048
10.09,0.308266487
10.1,0.308232022
10.11,0.308197644
10.12,0.308163356
10.13,0.308129164
10.14,0.30809506
10.15,0.308061034
10.16,0.308027105
10.17,0.307993264
10.18,0.30795951
10.19,0.307925843
10.2,0.307892274
10.21,0.307858782
10.22,0.307825388
10.23,0.30779207
10.24,0.307758839
10.25,0.307725696
10.26,0.307692639
10.27,0.30765967
10.28,0.307626788
10.29,0.307593992
10.3,0.307561273
10.31,0.307528642
10.32,0.307496097
10.33,0.307463638
10.34,0.307431256
10.35,0.307398961
10.36,0.307366743
10.37,0.30733461
10.38,0.307302564
10.39,0.307270606
10.4,0.307238723
10.41,0.307206916
10.42,0.307175196
10.43,0.307143552
10.44,0.307111994
10.45,0.307080512
10.46,0.307049116
10.47,0.307017797
10.48,0.306986564
10.49,0.306955407
10.5,0.306924325
10.51,0.306893319
10.52,0.306862399
10.53,0.306831545
10.54,0.306800787
10.55,0.306770094
10.56,0.306739478
10.57,0.306708937
10.58,0.306678491
10.59,0.306648101
10.6,0.306617796
10.61,0.306587567
10.62,0.306557413
10.63,0.306527345
10.64,0.306497332
10.65,0.306467404
10.66,0.306437561
10.67,0.306407774
10.68,0.306378062
10.69,0.306348445
10.7,0.306318883
10.71,0.306289406
10.72,0.306259995
10.73,0.306230658
10.74,0.306201385
10.75,0.306172199
10.76,0.306143087
10.77,0.306114039
10.78,0.306085066
10.79,0.306056158
10.8,0.306027324
10.81,0.305998566
10.82,0.305969872
10.83,0.305941252
10.84,0.305912718
10.85,0.305884227
10.86,0.305855821
10.87,0.305827479
10.88,0.305799203
10.89,0.305771009
10.9,0.30574288
10.91,0.305714816
10.92,0.305686816
10.93,0.30565889
10.94,0.305631038
10.95,0.30560324
10.96,0.305575517
10.97,0.305547867
10.98,0.305520281
10.99,0.30549276
11,0.305465302
11.01,0.305437918
11.02,0.305410598
11.03,0.305383332
11.04,0.305356159
11.05,0.30532903
11.06,0.305301965
11.07,0.305274974
11.08,0.305248046
11.09,0.305221182
11.1,0.305194381
11.11,0.305167644
11.12,0.30514098
11.13,0.30511437
11.14,0.305087833
11.15,0.305061348
11.16,0.305034928
11.17,0.305008576
11.18,0.304982288
11.19,0.304956065
11.2,0.304929899
11.21,0.304903797
11.22,0.30487775
11.23,0.304851768
11.24,0.30482586
11.25,0.304800006
11.26,0.304774206
11.27,0.304748472
11.28,0.3047228
11.29,0.304697193
11.3,0.304671639
11.31,0.304646146
11.32,0.304620719
11.33,0.304595345
11.34,0.304570032
11.35,0.304544782
11.36,0.304519596
11.37,0.304494452
11.38,0.304469379
11.39,0.304444369
11.4,0.30441941
11.41,0.304394513
11.42,0.304369668
11.43,0.304344894
11.44,0.30432016
11.45,0.304295499
11.46,0.304270888
11.47,0.304248705
11.48,0.304226985
11.49,0.304205325
11.5,0.304183726
11.51,0.304162177
11.52,0.304140698
11.53,0.304119268
11.54,0.304097878
11.55,0.304076567
11.56,0.304055296
11.57,0.304034095
11.58,0.304012931
11.59,0.303991837
11.6,0.303970791
11.61,0.303949806
11.62,0.303928867
11.63,0.303907987
11.64,0.303887165
11.65,0.30386639
11.66,0.303845674
11.67,0.303825016
11.68,0.303804394
11.69,0.30378384
11.7,0.303763345
11.71,0.303742886
11.72,0.303722492
11.73,0.303702148
11.74,0.303681859
11.75,0.303661616
11.76,0.303641431
11.77,0.30362129
11.78,0.303601207
11.79,0.303581179
11.8,0.303561198
11.81,0.303541272
11.82,0.303521391
11.83,0.303501565
11.84,0.303481794
11.85,0.30346207
11.86,0.303442391
11.87,0.303422765
11.88,0.303403196
11.89,0.303383669
11.9,0.303364198
11.91,0.303344782
11.92,0.303325409
11.93,0.30330608
11.94,0.303286816
11.95,0.303267585
11.96,0.303248408
11.97,0.303229284
11.98,0.303210214
11.99,0.303191187
12,0.303172202
12.01,0.303153272
12.02,0.303134394
12.03,0.303115548
12.04,0.303096766
12.05,0.303078026
12.06,0.303059339
12.07,0.303040693
12.08,0.30302209
12.09,0.303003548
12.1,0.302985039
12.11,0.302966592
12.12,0.302948185
12.13,0.30292982
12.14,0.302911498
12.15,0.302893236
12.16,0.302875016
12.17,0.302856836
12.18,0.302838707
12.19,0.302820619
12.2,0.302802583
12.21,0.302784585
12.22,0.302766639
12.23,0.302748743
12.24,0.302730876
12.25,0.302713071
12.26,0.302695305
12.27,0.30267758
12.28,0.302659903
12.29,0.302642267
12.3,0.302624679
12.31,0.302607131
12.32,0.302589633
12.33,0.302572174
12.34,0.302554764
12.35,0.302537392
12.36,0.30252007
12.37,0.302502785
12.38,0.30248555
12.39,0.302468354
12.4,0.302451206
12.41,0.302434095
12.42,0.302417024
12.43,0.302399999
12.44,0.302383024
12.45,0.302366075
12.46,0.302349185
12.47,0.302332331
12.48,0.302315516
12.49,0.302298738
12.5,0.302282017
12.51,0.302265333
12.52,0.302248677
12.53,0.302232077
12.54,0.302215515
12.55,0.302198998
12.56,0.302182509
12.57,0.302166075
12.58,0.302149679
12.59,0.302133319
12.6,0.302117005
12.61,0.302100727
12.62,0.302084496
12.63,0.30206829
12.64,0.30205214
12.65,0.302036026
12.66,0.302019948
12.67,0.302003914
12.68,0.301987916
12.69,0.301971963
12.7,0.301956037
12.71,0.301940164
12.72,0.301924326
12.73,0.301908525
12.74,0.301892767
12.75,0.301877044
12.76,0.301861356
12.77,0.301845713
12.78,0.301830103
12.79,0.301814539
12.8,0.301799008
12.81,0.301783521
12.82,0.30176807
12.83,0.301752661
12.84,0.301737276
12.85,0.301721936
12.86,0.301706638
12.87,0.301691374
12.88,0.301676144
12.89,0.301660958
12.9,0.301645814
12.91,0.301630694
12.92,0.301615616
12.93,0.301600572
12.94,0.301585571
12.95,0.301570603
12.96,0.301555677
12.97,0.301540784
12.98,0.301525924
12.99,0.301511105
13,0.30149632
13.01,0.301481566
13.02,0.301466855
13.03,0.301452187
13.04,0.301437539
13.05,0.301422934
13.06,0.301408371
13.07,0.301393839
13.08,0.301379329
13.09,0.301364871
13.1,0.301350444
13.11,0.301336059
13.12,0.301321695
13.13,0.301307372
13.14,0.30129308
13.15,0.301278829
13.16,0.30126461
13.17,0.301250431
13.18,0.301236283
13.19,0.301222156
13.2,0.30120808
13.21,0.301194034
13.22,0.301180018
13.23,0.301166043
13.24,0.301152098
13.25,0.301138184
13.26,0.30112431
13.27,0.301110466
13.28,0.301096661
13.29,0.301082876
13.3,0.301069132
13.31,0.301055427
13.32,0.301041742
13.33,0.301028097
13.34,0.301014491
13.35,0.301000914
13.36,0.300987366
13.37,0.300973849
13.38,0.30096037
13.39,0.300946931
13.4,0.300933509
13.41,0.300920128
13.42,0.300906775
13.43,0.300893451
13.44,0.300880166
13.45,0.300866908
13.46,0.300853691
13.47,0.300840501
13.48,0.30082734
13.49,0.300814217
13.5,0.300801113
13.51,0.300788046
13.52,0.300775018
13.53,0.300762018
13.54,0.300749045
13.55,0.3007361
13.56,0.300723194
13.57,0.300710315
13.58,0.300697464
13.59,0.30068465
13.6,0.300671865
13.61,0.300659116
13.62,0.300646384
13.63,0.300633691
13.64,0.300621024
13.65,0.300608395
13.66,0.300595793
13.67,0.300583217
13.68,0.300570679
13.69,0.300558167
13.7,0.300545682
13.71,0.300533224
13.72,0.300520804
13.73,0.300508409
13.74,0.30049604
13.75,0.300483709
13.76,0.300471403
13.77,0.300459134
13.78,0.300446882
13.79,0.300434665
13.8,0.300422474
13.81,0.300410309
13.82,0.300398181
13.83,0.300386079
13.84,0.300374012
13.85,0.300361962
13.86,0.300349945
13.87,0.300337966
13.88,0.300326003
13.89,0.300314075
13.9,0.300302171
13.91,0.300290293
13.92,0.300278451
13.93,0.300266634
13.94,0.300254842
13.95,0.300243075
13.96,0.300231344
13.97,0.300219637
13.98,0.300207965
13.99,0.300196309
14,0.300184686
14.01,0.300173098
14.02,0.300161526
14.03,0.300149988
14.04,0.300138473
14.05,0.300126985
14.06,0.30011553
14.07,0.3001041
14.08,0.300092693
14.09,0.300081312
14.1,0.300069964
14.11,0.300058641
14.12,0.300047341
14.13,0.300036065
14.14,0.300024824
14.15,0.300013605
14.16,0.300002413
14.17,0.299991252
14.18,0.299980116
14.19,0.299969002
14.2,0.299957913
14.21,0.299946857
14.22,0.299935825
14.23,0.299924816
14.24,0.29991383
14.25,0.299902877
14.26,0.299891949
14.27,0.299881042
14.28,0.29987016
14.29,0.29985931
14.3,0.299848483
14.31,0.299837678
14.32,0.299826898
14.33,0.29981555
14.34,0.299802349
14.35,0.299789171
14.36,0.299776024
14.37,0.299762893
14.38,0.299749794
14.39,0.299736717
14.4,0.299723674
14.41,0.299710642
14.42,0.299697644
14.43,0.299684679
14.44,0.299671726
14.45,0.299658806
14.46,0.299645907
14.47,0.299633032
14.48,0.299620179
14.49,0.299607358
14.5,0.29959456
14.51,0.299581783
14.52,0.299569028
14.53,0.299556306
14.54,0.299543607
14.55,0.299530918
14.56,0.299518272
14.57,0.299505638
14.58,0.299493035
14.59,0.299480454
14.6,0.299467896
14.61,0.299455367
14.62,0.299442852
14.63,0.299430369
14.64,0.299417905
14.65,0.299405474
14.66,0.299393054
14.67,0.299380665
14.68,0.299368299
14.69,0.299355953
14.7,0.299343639
14.71,0.299331344
14.72,0.299319072
14.73,0.299306821
14.74,0.29929459
14.75,0.29928239
14.76,0.299270212
14.77,0.299258055
14.78,0.299245917
14.79,0.299233811
14.8,0.299221715
14.81,0.299209662
14.82,0.299197617
14.83,0.299185593
14.84,0.2991736
14.85,0.299161627
14.86,0.299149665
14.87,0.299137743
14.88,0.29912583
14.89,0.29911395
14.9,0.299102089
14.91,0.299090247
14.92,0.299078426
14.93,0.299066635
14.94,0.299054855
14.95,0.299043114
14.96,0.299031383
14.97,0.299019672
14.98,0.299007991
14.99,0.298996319
15,0.298984677
15.01,0.298973065
15.02,0.298961462
15.03,0.298949889
15.04,0.298938326
15.05,0.298926792
15.06,0.298915288
15.07,0.298903794
15.08,0.298892328
15.09,0.298880882
15.1,0.298869455
15.11,0.298858047
15.12,0.298846658
15.13,0.298835299
15.14,0.298823949
15.15,0.298812638
15.16,0.298801336
15.17,0.298790063
15.18,0.298778798
15.19,0.298767562
15.2,0.298756346
15.21,0.298745149
15.22,0.29873397
15.23,0.298722818
15.24,0.298711687
15.25,0.298700575
15.26,0.298689479
15.27,0.298678413
15.28,0.298667356
15.29,0.298656327
15.3,0.298645316
15.31,0.298634325
15.32,0.29862335
15.33,0.298612395
15.34,0.298601468
15.35,0.298590558
15.36,0.298579666
15.37,0.298568793
15.38,0.298557949
15.39,0.298547112
15.4,0.298536304
15.41,0.298525512
15.42,0.298514738
15.43,0.298503994
15.44,0.298493256
15.45,0.298482547
15.46,0.298471855
15.47,0.298461181
15.48,0.298450524
15.49,0.298439895
15.5,0.298429274
15.51,0.29841868
15.52,0.298408104
15.53,0.298397545
15.54,0.298387014
15.55,0.298376489
15.56,0.298365993
15.57,0.298355513
15.58,0.298345051
15.59,0.298334606
15.6,0.298324178
15.61,0.298313778
15.62,0.298303394
15.63,0.298293018
15.64,0.298282679
15.65,0.298272345
15.66,0.29826203
15.67,0.298251741
15.68,0.29824147
15.69,0.298231216
15.7,0.298220977
15.71,0.298210756
15.72,0.298200562
15.73,0.298190373
15.74,0.298180212
15.75,0.298170068
15.76,0.29815994
15.77,0.298149829
15.78,0.298139743
15.79,0.298129675
15.8,0.298119613
15.81,0.298109577
15.82,0.298099557
15.83,0.298089565
15.84,0.298079578
15.85,0.298069607
15.86,0.298059663
15.87,0.298049735
15.88,0.298039823
15.89,0.298029936
15.9,0.298020057
15.91,0.298010203
15.92,0.298000355
15.93,0.297990534
15.94,0.297980727
15.95,0.297970937
15.96,0.297961174
15.97,0.297951415
15.98,0.297941682
15.99,0.297931966
16,0.297922264
16.01,0.297912579
16.02,0.29790291
16.03,0.297893266
16.04,0.297883627
16.05,0.297874013
16.06,0.297864416
16.07,0.297854834
16.08,0.297845267
16.09,0.297835726
16.1,0.297826191
16.11,0.29781668
16.12,0.297807185
16.13,0.297797705
16.14,0.297788239
16.15,0.29777879
16.16,0.297769356
16.17,0.297759947
16.18,0.297750552
16.19,0.297741174
16.2,0.297731811
16.21,0.297722461
16.22,0.297713127
16.23,0.297703818
16.24,0.297694514
16.25,0.297685234
16.26,0.29767597
16.27,0.297666721
16.28,0.297657486
16.29,0.297648267
16.3,0.29763907
16.31,0.29762989
16.32,0.297620714
16.33,0.297611563
16.34,0.297602426
16.35,0.297593314
16.36,0.297584207
16.37,0.297575113
16.38,0.297566044
16.39,0.29755699
16.4,0.29754795
16.41,0.297538924
16.42,0.297529914
16.43,0.297520917
16.44,0.297511944
16.45,0.297502977
16.46,0.297494032
16.47,0.297485102
16.48,0.297476187
16.49,0.297467285
16.5,0.297458397
16.51,0.297449534
16.52,0.297440675
16.53,0.29743184
16.54,0.297423018
16.55,0.297414211
16.56,0.297405418
16.57,0.297396638
16.58,0.297387873
16.59,0.29737913
16.6,0.297370402
16.61,0.297361677
16.62,0.297352978
16.63,0.29734429
16.64,0.297335617
16.65,0.297326968
16.66,0.297318322
16.67,0.2973097
16.68,0.297301081
16.69,0.297292486
16.7,0.297283905
16.71,0.297275336
16.72,0.297266782
16.73,0.297258241
16.74,0.297249723
16.75,0.297241209
16.76,0.297232718
16.77,0.29722424
16.78,0.297215775
16.79,0.297207323
16.8,0.297198885
16.81,0.297190472
16.82,0.29718206
16.83,0.297173672
16.84,0.297165286
16.85,0.297156923
16.86,0.297148575
16.87,0.297140239
16.88,0.297131925
16.89,0.297123615
16.9,0.297115318
16.91,0.297107044
16.92,0.297098773
16.93,0.297090525
16.94,0.29708229
16.95,0.297074066
16.96,0.297065857
16.97,0.29705767
16.98,0.297049485
16.99,0.297041314
17,0.297033165
17.01,0.297025028
17.02,0.297016905
17.03,0.297008794
17.04,0.297000695
17.05,0.29699262
17.06,0.296984546
17.07,0.296976485
17.08,0.296968447
17.09,0.296960421
17.1,0.296952398
17.11,0.296944398
17.12,0.296936419
17.13,0.296928443
17.14,0.296920479
17.15,0.296912527
17.16,0.296904598
17.17,0.296896671
17.18,0.296888766
17.19,0.296880874
17.2,0.296871717
17.21,0.296863429
17.22,0.296855162
17.23,0.296846897
17.24,0.296838643
17.25,0.296830412
17.26,0.296822183
17.27,0.296813974
17.28,0.296805777
17.29,0.296797592
17.3,0.296789418
17.31,0.296781256
17.32,0.296773116
17.33,0.296764976
17.34,0.296756849
17.35,0.296748743
17.36,0.296740648
17.37,0.296732564
17.38,0.296724491
17.39,0.296716431
17.4,0.296708382
17.41,0.296700343
17.42,0.296692326
17.43,0.296684321
17.44,0.296676316
17.45,0.296668332
17.46,0.296660361
17.47,0.296652399
17.48,0.296644449
17.49,0.29663651
17.5,0.296628583
17.51,0.296620675
17.52,0.29661277
17.53,0.296604876
17.54,0.296597001
17.55,0.296589139
17.56,0.296581287
17.57,0.296573446
17.58,0.296565617
17.59,0.296557797
17.6,0.296549988
17.61,0.2965422
17.62,0.296534414
17.63,0.296526648
17.64,0.296518892
17.65,0.296511138
17.66,0.296503405
17.67,0.296495681
17.68,0.29648797
17.69,0.296480267
17.7,0.296472587
17.71,0.296464906
17.72,0.296457246
17.73,0.296449587
17.74,0.296441948
17.75,0.296434319
17.76,0.296426701
17.77,0.296419093
17.78,0.296411498
17.79,0.296403911
17.8,0.296396335
17.81,0.296388779
17.82,0.296381224
17.83,0.296373688
17.84,0.296366164
17.85,0.296358639
17.86,0.296351136
17.87,0.296343641
17.88,0.296336157
17.89,0.296328685
17.9,0.296321221
17.91,0.296313778
17.92,0.296306336
17.93,0.296298913
17.94,0.296291491
17.95,0.296284088
17.96,0.296276696
17.97,0.296269314
17.98,0.296261941
17.99,0.296254579
18,0.296247227
18.01,0.296239885
18.02,0.296232562
18.03,0.29622525
18.04,0.296217937
18.05,0.296210645
18.06,0.296203351
18.07,0.296196079
18.08,0.296188816
18.09,0.296181563
18.1,0.296174319
18.11,0.296167086
18.12,0.296159872
18.13,0.296152657
18.14,0.296145454
18.15,0.296138268
18.16,0.296131094
18.17,0.296123928
18.18,0.296116763
18.19,0.296109617
18.2,0.29610248
18.21,0.296095353
18.22,0.296088235
18.23,0.296081138
18.24,0.29607404
18.25,0.296066951
18.26,0.296059882
18.27,0.296052821
18.28,0.296045761
18.29,0.296038721
18.3,0.29603169
18.31,0.296024667
18.32,0.296017654
18.33,0.296010651
18.34,0.296003657
18.35,0.295996672
18.36,0.295989707
18.37,0.295982741
18.38,0.295975794
18.39,0.295968856
18.4,0.295961918
18.41,0.295954999
18.42,0.295948089
18.43,0.295941188
18.44,0.295934296
18.45,0.295927414
18.46,0.295920542
18.47,0.295913686
18.48,0.295906831
18.49,0.295899996
18.5,0.295893158
18.51,0.295886341
18.52,0.295879531
18.53,0.295872722
18.54,0.29586593
18.55,0.295859149
18.56,0.295852375
18.57,0.295845611
18.58,0.295838856
18.59,0.29583212
18.6,0.295825383
18.61,0.295818664
18.62,0.295811944
18.63,0.295805242
18.64,0.295798541
18.65,0.295791858
18.66,0.295785182
18.67,0.295778517
18.68,0.29577186
18.69,0.295765212
18.7,0.295758572
18.71,0.295751941
18.72,0.295745329
18.73,0.295738716
18.74,0.29573211
18.75,0.295725524
18.76,0.295718946
18.77,0.295712366
18.78,0.295705806
18.79,0.295699254
18.8,0.29569271
18.81,0.295686175
18.82,0.295679649
18.83,0.295673131
18.84,0.295666621
18.85,0.295660131
18.86,0.295653639
18.87,0.295647164
18.88,0.295640689
18.89,0.295634221
18.9,0.295627772
18.91,0.295621331
18.92,0.295614899
18.93,0.295608474
18.94,0.29560206
18.95,0.295595652
18.96,0.295589253
18.97,0.295582862
18.98,0.295576479
18.99,0.295570105
19,0.295563749
19.01,0.295557401
19.02,0.295551051
19.03,0.295544719
19.04,0.295538386
19.05,0.295532072
19.06,0.295525764
19.07,0.295519465
19.08,0.295513174
19.09,0.295506891
19.1,0.295500616
19.11,0.295494349
19.12,0.295488091
19.13,0.295481851
19.14,0.295475607
19.15,0.295469383
19.16,0.295463156
19.17,0.295456948
19.18,0.295450747
19.19,0.295444544
19.2,0.295438358
19.21,0.295432181
19.22,0.295426013
19.23,0.295419852
19.24,0.295413698
19.25,0.295407552
19.26,0.295401415
19.27,0.295395294
19.28,0.295389172
19.29,0.295383067
19.3,0.295376961
19.31,0.295370872
19.32,0.295364791
19.33,0.295358708
19.34,0.295352642
19.35,0.295346584
19.36,0.295340533
19.37,0.29533449
19.38,0.295328456
19.39,0.295322428
19.4,0.295316408
19.41,0.295310396
19.42,0.295304401
19.43,0.295298404
19.44,0.295292415
19.45,0.295286443
19.46,0.295280479
19.47,0.295274512
19.48,0.295268562
19.49,0.295262621
19.5,0.295256686
19.51,0.295250749
19.52,0.29524483
19.53,0.295238928
19.54,0.295233013
19.55,0.295227126
19.56,0.295221237
19.57,0.295215354
19.58,0.295209489
19.59,0.295203621
19.6,0.295197761
19.61,0.295191918
19.62,0.295186082
19.63,0.295180244
19.64,0.295174423
19.65,0.295168609
19.66,0.295162802
19.67,0.295157002
19.68,0.295151201
19.69,0.295145426
19.7,0.295139648
19.71,0.295133878
19.72,0.295128115
19.73,0.295122358
19.74,0.295116619
19.75,0.295110878
19.76,0.295105152
19.77,0.295099425
19.78,0.295093716
19.79,0.295088002
19.8,0.295082306
19.81,0.295076616
19.82,0.295070934
19.83,0.295065259
19.84,0.29505958
19.85,0.29505392
19.86,0.295048275
19.87,0.295042628
19.88,0.295036988
19.89,0.295031356
19.9,0.295025729
19.91,0.295020119
19.92,0.295014507
19.93,0.295008912
19.94,0.295003313
19.95,0.294997731
19.96,0.294992147
19.97,0.294986579
19.98,0.294981017
19.99,0.294975464
20,0.294969916
20.01,0.294964377
20.02,0.294958842
20.03,0.294953315
20.04,0.294947795
20.05,0.294942281
20.06,0.294936775
20.07,0.294931284
20.08,0.294925792
20.09,0.294920305
20.1,0.294914835
20.11,0.294909362
20.12,0.294903906
20.13,0.294898456
20.14,0.294893003
20.15,0.294887566
20.16,0.294882136
20.17,0.294876712
20.18,0.294871296
20.19,0.294865886
20.2,0.294860473
20.21,0.294855086
20.22,0.294849696
20.23,0.294844312
20.24,0.294838934
20.25,0.294833563
20.26,0.29482821
20.27,0.294822852
20.28,0.29481751
20.29,0.294812166
20.3,0.294806838
20.31,0.294801506
20.32,0.29479619
20.33,0.294790881
20.34,0.294785568
20.35,0.294780273
20.36,0.294774984
20.37,0.2947697
20.38,0.294764423
20.39,0.294759152
20.4,0.294753887
20.41,0.29474863
20.42,0.294743389
20.43,0.294738143
20.44,0.294732905
20.45,0.294727681
20.46,0.294722456
20.47,0.294717245
20.48,0.294712031
20.49,0.294706834
20.5,0.294701632
20.51,0.294696447
20.52,0.294691268
20.53,0.294686085
20.54,0.294680919
20.55,0.294675759
20.56,0.294670605
20.57,0.294665457
20.58,0.294660314
20.59,0.294655179
20.6,0.294650049
20.61,0.294644936
20.62,0.294639819
20.63,0.294634708
20.64,0.294629602
20.65,0.294624514
20.66,0.29461942
20.67,0.294614334
20.68,0.294609263
20.69,0.294604189
20.7,0.294599129
20.71,0.294594077
20.72,0.294589029
20.73,0.294583979
20.74,0.294578944
20.75,0.294573915
20.76,0.294568892
20.77,0.294563875
20.78,0.294558864
20.79,0.294553859
20.8,0.29454886
20.81,0.294543867
20.82,0.294538889
20.83,0.294533908
20.84,0.294528933
20.85,0.294523973
20.86,0.294519009
20.87,0.294514051
20.88,0.29450911
20.89,0.294504163
20.9,0.294499232
20.91,0.294494307
20.92,0.294489378
20.93,0.294484465
20.94,0.294479558
20.95,0.294474646
20.96,0.29446976
20.97,0.294464861
20.98,0.294459987
20.99,0.294455097
21,0.294450225
21.01,0.294445368
21.02,0.294440506
21.03,0.29443565
21.04,0.294430801
21.05,0.294425966
21.06,0.294421128
21.07,0.294416293
21.08,0.294411477
21.09,0.294406655
21.1,0.294401848
21.11,0.294397038
21.12,0.294392243
21.13,0.294387443
21.14,0.29438266
21.15,0.294377882
21.16,0.294373109
21.17,0.294368332
21.18,0.29436358
21.19,0.294358814
21.2,0.294354064
21.21,0.294349319
21.22,0.294344579
21.23,0.294339845
21.24,0.294335127
21.25,0.294330403
21.26,0.294325686
21.27,0.294320974
21.28,0.294316267
21.29,0.294311576
21.3,0.29430688
21.31,0.2943022
21.32,0.294297515
21.33,0.294292846
21.34,0.294288171
21.35,0.294283512
21.36,0.294278859
21.37,0.294274201
21.38,0.294269559
21.39,0.294264921
21.4,0.29426029
21.41,0.294255663
21.42,0.294251031
21.43,0.294246426
21.44,0.294241804
21.45,0.2942372
21.46,0.29423261
21.47,0.294228014
21.48,0.294223415
21.49,0.29421884
21.5,0.294214261
21.51,0.294209688
21.52,0.294205129
21.53,0.294200566
21.54,0.294196018
21.55,0.294191465
21.56,0.294186917
21.57,0.294182385
21.58,0.294177857
21.59,0.294173325
21.6,0.294168808
21.61,0.294164296
21.62,0.294159779
21.63,0.294155278
21.64,0.294150781
21.65,0.29414629
21.66,0.294141804
21.67,0.294137313
21.68,0.294132847
21.69,0.294128376
21.7,0.294123901
21.71,0.29411945
21.72,0.294114993
21.73,0.294110543
21.74,0.294106107
21.75,0.294101668
21.76,0.294097232
21.77,0.2940928
21.78,0.294088386
21.79,0.294083964
21.8,0.294079559
21.81,0.294075148
21.82,0.294070753
21.83,0.294066353
21.84,0.294061967
21.85,0.294057587
21.86,0.294053201
21.87,0.29404882
21.88,0.294044464
21.89,0.294040093
21.9,0.294035737
21.91,0.294031386
21.92,0.29402704
21.93,0.294022698
21.94,0.294018362
21.95,0.29401403
21.96,0.294009704
21.97,0.294005382
21.98,0.294001065
21.99,0.293996753
22,0.293992445
22.01,0.293988153
22.02,0.293983856
22.03,0.293979562
22.04,0.293975284
22.05,0.293971001
22.06,0.293966732
22.07,0.293962458
22.08,0.2939582
22.09,0.293953935
22.1,0.293949686
22.11,0.293945431
22.12,0.293941191
22.13,0.293936956
22.14,0.293932715
22.15,0.29392849
22.16,0.293924269
22.17,0.293920053
22.18,0.29391583
22.19,0.293911634
22.2,0.293907421
22.21,0.293903224
22.22,0.293899031
22.23,0.293894843
22.24,0.293890668
22.25,0.293886489
22.26,0.293882315
22.27,0.293878145
22.28,0.29387398
22.29,0.293869819
22.3,0.293865674
22.31,0.293861522
22.32,0.293857375
22.33,0.293853243
22.34,0.293849106
22.35,0.293844972
22.36,0.293840854
22.37,0.293836739
22.38,0.29383263
22.39,0.293828515
22.4,0.293824415
22.41,0.293820318
22.42,0.293816218
22.43,0.293812131
22.44,0.293808048
22.45,0.293803961
22.46,0.293799887
22.47,0.293795818
22.48,0.293791754
22.49,0.293787694
22.5,0.293783639
22.51,0.293779588
22.52,0.29377554
22.53,0.293771498
22.54,0.29376746
22.55,0.293763437
22.56,0.293759409
22.57,0.293755384
22.58,0.293751364
22.59,0.293747348
22.6,0.293743336
22.61,0.293739339
22.62,0.293735337
22.63,0.293731338
22.64,0.293727355
22.65,0.293723365
22.66,0.293719389
22.67,0.293715419
22.68,0.293711442
22.69,0.29370748
22.7,0.293703522
22.71,0.293699558
22.72,0.293695609
22.73,0.293691664
22.74,0.293687713
22.75,0.293683777
22.76,0.293679845
22.77,0.293675917
22.78,0.293671993
22.79,0.293668073
22.8,0.293664158
22.81,0.293660248
22.82,0.29365634
22.83,0.293652439
22.84,0.293648541
22.85,0.293644646
22.86,0.293640757
22.87,0.293636871
22.88,0.29363299
22.89,0.293629122
22.9,0.293625249
22.91,0.29362138
22.92,0.293617525
22.93,0.293610161
22.94,0.293606084
22.95,0.293602019
22.96,0.29359795
22.97,0.293593894
22.98,0.293589834
22.99,0.293585786
23,0.293581733
23.01,0.293577695
23.02,0.293573652
23.03,0.293569622
23.04,0.293565597
23.05,0.293561576
23.06,0.293557559
23.07,0.293553536
23.08,0.293549528
23.09,0.293545524
23.1,0.293541525
23.11,0.293537528
23.12,0.293533537
23.13,0.293529539
23.14,0.293525567
23.15,0.293521588
23.16,0.293517603
23.17,0.293513643
23.18,0.293509676
23.19,0.293505714
23.2,0.293501757
23.21,0.293497803
23.22,0.293493854
23.23,0.293489918
23.24,0.293485977
23.25,0.29348205
23.26,0.293478117
23.27,0.293474188
23.28,0.293470273
23.29,0.293466353
23.3,0.293462436
23.31,0.293458533
23.32,0.293454625
23.33,0.293450731
23.34,0.293446841
23.35,0.293442945
23.36,0.293439063
23.37,0.293435174
23.38,0.293431301
23.39,0.293427431
23.4,0.293423565
23.41,0.293419693
23.42,0.293415835
23.43,0.293411982
23.44,0.293408132
23.45,0.293404286
23.46,0.293400444
23.47,0.293396596
23.48,0.293392773
23.49,0.293388933
23.5,0.293385108
23.51,0.293381296
23.52,0.293377468
23.53,0.293373664
23.54,0.293369855
23.55,0.293366048
23.56,0.293362247
23.57,0.293358449
23.58,0.293354664
23.59,0.293350874
23.6,0.293347088
23.61,0.293343306
23.62,0.293339537
23.63,0.293335763
23.64,0.293331993
23.65,0.293328236
23.66,0.293324473
23.67,0.293320724
23.68,0.29331697
23.69,0.293313228
23.7,0.293309491
23.71,0.293305747
23.72,0.293302018
23.73,0.293298293
23.74,0.29329456
23.75,0.293290842
23.76,0.293287118
23.77,0.293283408
23.78,0.293279702
23.79,0.293275998
23.8,0.29327229
23.81,0.293268604
23.82,0.293264904
23.83,0.293261216
23.84,0.293257532
23.85,0.293253852
23.86,0.293250176
23.87,0.293246504
23.88,0.293242835
23.89,0.29323917
23.9,0.293235509
23.91,0.293231851
23.92,0.293228199
23.93,0.293224549
23.94,0.293220912
23.95,0.29321727
23.96,0.293213631
23.97,0.293209996
23.98,0.293206375
23.99,0.293202747
24,0.293199123
24.01,0.293195513
24.02,0.293191897
24.03,0.293188284
24.04,0.293184684
24.05,0.293181079
24.06,0.293177478
24.07,0.293173889
24.08,0.293170295
24.09,0.293166715
24.1,0.293163137
24.11,0.293159553
24.12,0.293155984
24.13,0.293152418
24.14,0.293148845
24.15,0.293145286
24.16,0.293141731
24.17,0.293138169
24.18,0.293134621
24.19,0.293131077
24.2,0.293127535
24.21,0.293123999
24.22,0.293120454
24.23,0.293116924
24.24,0.293113398
24.25,0.293109875
24.26,0.293106354
24.27,0.293102839
24.28,0.293099326
24.29,0.293095818
24.3,0.293092312
24.31,0.293088811
24.32,0.293085312
24.33,0.293081818
24.34,0.293078326
24.35,0.293074849
24.36,0.293071364
24.37,0.293067885
24.38,0.293064408
24.39,0.293060943
24.4,0.293057473
24.41,0.293054006
24.42,0.293050543
24.43,0.293047094
24.44,0.293043637
24.45,0.293040185
24.46,0.293036745
24.47,0.293033299
24.48,0.293029867
24.49,0.293026428
24.5,0.293023003
24.51,0.293019581
24.52,0.293016151
24.53,0.293012726
24.54,0.293009315
24.55,0.293005906
24.56,0.293002491
24.57,0.29299909
24.58,0.292995692
24.59,0.292992287
24.6,0.292988896
24.61,0.292985508
24.62,0.292982113
24.63,0.292978742
24.64,0.292975354
24.65,0.29297198
24.66,0.292968609
24.67,0.292965241
24.68,0.292961876
24.69,0.292958516
24.7,0.292955158
24.71,0.292951803
24.72,0.292948453
24.73,0.292945094
24.74,0.292941761
24.75,0.29293842
24.76,0.292935081
24.77,0.292931747
24.78,0.292928416
24.79,0.292925089
24.8,0.292921764
24.81,0.292918443
24.82,0.292915135
24.83,0.29291182
24.84,0.292908509
24.85,0.292905211
24.86,0.292901906
24.87,0.292898605
24.88,0.292895307
24.89,0.292892022
24.9,0.29288873
24.91,0.292885441
24.92,0.292882166
24.93,0.292878883
24.94,0.292875615
24.95,0.292872339
24.96,0.292869077
24.97,0.292865808
24.98,0.292862553
24.99,0.292859289
25,0.29285604
0.01,0.574326607
0.02,0.574326607
0.03,0.574326607
0.04,0.574326607
0.05,0.574326607
0.06,0.574326607
0.07,0.574326607
0.08,0.574326607
0.09,0.574326607
0.1,0.574326607
0.11,0.574326607
0.12,0.574326607
0.13,0.574326607
0.14,0.574326607
0.15,0.574326607
0.16,0.574326607
0.17,0.574326607
0.18,0.574326607
0.19,0.574326607
0.2,0.574326607
0.21,0.574326607
0.22,0.574326607
0.23,0.574326607
0.24,0.574326607
0.25,0.574326607
0.26,0.574744304
0.27,0.575162022
0.28,0.575579699
0.29,0.575997417
0.3,0.576415114
0.31,0.576832832
0.32,0.57725055
0.33,0.577668227
0.34,0.578085945
0.35,0.578503642
0.36,0.57892134
0.37,0.579339037
0.38,0.579756755
0.39,0.580174473
0.4,0.580592171
0.41,0.581009868
0.42,0.581427566
0.43,0.581845283
0.44,0.582262981
0.45,0.582680699
0.46,0.583098396
0.47,0.583516094
0.48,0.583933812
0.49,0.584351489
0.5,0.584769207
0.51,0.585186925
0.52,0.585604622
0.53,0.58602234
0.54,0.586440017
0.55,0.586857735
0.56,0.587275432
0.57,0.58769313
0.58,0.588110848
0.59,0.588528545
0.6,0.588946243
0.61,0.590119871
0.62,0.591266303
0.63,0.592412735
0.64,0.593559168
0.65,0.5947056
0.66,0.595852033
0.67,0.596998465
0.68,0.598144897
0.69,0.599291125
0.7,0.600437558
0.71,0.60158399
0.72,0.602730422
0.73,0.603876855
0.74,0.605023287
0.75,0.60616972
0.76,0.607316152
0.77,0.608462584
0.78,0.609609017
0.79,0.610755449
0.8,0.611901881
0.81,0.613048314
0.82,0.614194746
0.83,0.615341178
0.84,0.616487611
0.85,0.617634043
0.86,0.618780475
0.87,0.619926908
0.88,0.62107334
0.89,0.622219772
0.9,0.623366205
0.91,0.62831139
0.92,0.641175873
0.93,0.658463992
0.94,0.674236275
0.95,0.690008558
0.96,0.70578084
0.97,0.721553123
0.98,0.737325406
0.99,0.753097688
1,0.768869971
1.01,0.784642253
1.02,0.800414536
1.03,0.816186819
1.04,0.831959101
1.05,0.847731384
1.06,0.847945623
1.07,0.848141384
1.08,0.848323089
1.09,0.848493702
1.1,0.848507286
1.11,0.848376922
1.12,0.848347403
1.13,0.848378876
1.14,0.848460018
1.15,0.84858475
1.16,0.847855288
1.17,0.84713354
1.18,0.846450078
1.19,0.845611266
1.2,0.844307657
1.21,0.84304407
1.22,0.841819516
1.23,0.840632853
1.24,0.839483449
1.25,0.838370476
1.26,0.837293165
1.27,0.836251028
1.28,0.835243519
1.29,0.834270145
1.3,0.833330261
1.31,0.832423753
1.32,0.831549943
1.33,0.830708685
1.34,0.829899448
1.35,0.82912215
1.36,0.828376302
1.37,0.827661768
1.38,0.826978308
1.39,0.826325705
1.4,0.825703667
1.41,0.825112017
1.42,0.82455059
1.43,0.824019321
1.44,0.823501638
1.45,0.823004736
1.46,0.82253753
1.47,0.82209981
1.48,0.82169172
1.49,0.821312956
1.5,0.820963451
1.51,0.81927852
1.52,0.81736858
1.53,0.815466255
1.54,0.813571081
1.55,0.811683005
1.56,0.809801539
1.57,0.807926667
1.58,0.806057977
1.59,0.804195348
1.6,0.802338511
1.61,0.800487352
1.62,0.798641609
1.63,0.796801256
1.64,0.794965874
1.65,0.793135568
1.66,0.791310078
1.67,0.789489173
1.68,0.787672856
1.69,0.785859877
1.7,0.784050065
1.71,0.782243268
1.72,0.780439419
1.73,0.77863858
1.74,0.776840564
1.75,0.775045428
1.76,0.773252952
1.77,0.771463164
1.78,0.769676031
1.79,0.767891522
1.8,0.76610947
1.81,0.764329983
1.82,0.762552983
1.83,0.760778387
1.84,0.759006145
1.85,0.757236217
1.86,0.75546861
1.87,0.753703287
1.88,0.75194023
1.89,0.75017944
1.9,0.748420876
1.91,0.746664431
1.92,0.744910189
1.93,0.743158061
1.94,0.741408009
1.95,0.739660142
1.96,0.737914242
1.97,0.736170512
1.98,0.734428843
1.99,0.732689125
2,0.730951471
2.01,0.729542046
2.02,0.728122999
2.03,0.726705797
2.04,0.725290459
2.05,0.723877029
2.06,0.722465635
2.07,0.721056444
2.08,0.719649328
2.09,0.718244552
2.1,0.716842013
2.11,0.715441787
2.12,0.714044118
2.13,0.712648878
2.14,0.711256137
2.15,0.709865959
2.16,0.708478489
2.17,0.70709361
2.18,0.705711561
2.19,0.704332297
2.2,0.702955765
2.21,0.701582121
2.22,0.700211401
2.23,0.698843581
2.24,0.697478801
2.25,0.696116961
2.26,0.694758164
2.27,0.693402414
2.28,0.692049875
2.29,0.690700328
2.3,0.689353988
2.31,0.688010849
2.32,0.686670941
2.33,0.685334201
2.34,0.684000679
2.35,0.682670501
2.36,0.681343668
2.37,0.680020026
2.38,0.678699715
2.39,0.67738285
2.4,0.676069261
2.41,0.674759047
2.42,0.673452281
2.43,0.672148835
2.44,0.670848844
2.45,0.669552333
2.46,0.668259128
2.47,0.666969448
2.48,0.66568319
2.49,0.664400379
2.5,0.66312104
2.51,0.661845192
2.52,0.660572724
2.53,0.659303751
2.54,0.658038308
2.55,0.656776301
2.56,0.655517718
2.57,0.654262673
2.58,0.653011103
2.59,0.651762986
2.6,0.650518247
2.61,0.649277066
2.62,0.64803939
2.63,0.646805088
2.64,0.645574281
2.65,0.644346854
2.66,0.643122821
2.67,0.641902314
2.68,0.640685177
2.69,0.639471548
2.7,0.638261213
2.71,0.637054283
2.72,0.635850736
2.73,0.634650614
2.74,0.633453767
2.75,0.63226029
2.76,0.63107011
2.77,0.629883315
2.78,0.628699682
2.79,0.627519435
2.8,0.626352784
2.81,0.625200198
2.82,0.62405088
2.83,0.622904771
2.84,0.621761797
2.85,0.62062202
2.86,0.619485358
2.87,0.618351845
2.88,0.617221421
2.89,0.616094109
2.9,0.614969867
2.91,0.613848661
2.92,0.612730483
2.93,0.611615315
2.94,0.610503131
2.95,0.609393869
2.96,0.608287581
2.97,0.607184162
2.98,0.606083651
2.99,0.604985976
3,0.603891156
3.01,0.602892771
3.02,0.601941851
3.03,0.600993403
3.04,0.600047424
3.05,0.599103931
3.06,0.598162894
3.07,0.597224385
3.08,0.596288369
3.09,0.595354886
3.1,0.594423883
3.11,0.59349544
3.12,0.592569499
3.13,0.591646114
3.14,0.590725269
3.15,0.589806969
3.16,0.588891204
3.17,0.587978001
3.18,0.587067377
3.19,0.586159314
3.2,0.585253783
3.21,0.584350871
3.22,0.583450508
3.23,0.58255272
3.24,0.581657522
3.25,0.58076489
3.26,0.579874843
3.27,0.578987389
3.28,0.578102529
3.29,0.577220245
3.3,0.576340563
3.31,0.575463455
3.32,0.574588929
3.33,0.573717018
3.34,0.572847689
3.35,0.571980944
3.36,0.571116792
3.37,0.570255222
3.38,0.569396267
3.39,0.568539873
3.4,0.567686072
3.41,0.566834854
3.42,0.565986224
3.43,0.565140173
3.44,0.564296716
3.45,0.563455818
3.46,0.562617489
3.47,0.561781752
3.48,0.560948568
3.49,0.560117947
3.5,0.559289904
3.51,0.558464401
3.52,0.557641465
3.53,0.556821075
3.54,0.556003238
3.55,0.555187953
3.56,0.554375193
3.57,0.553564979
3.58,0.5527573
3.59,0.551967619
3.6,0.551190373
3.61,0.550415617
3.62,0.549643383
3.63,0.548873662
3.64,0.548106441
3.65,0.5473417
3.66,0.546579462
3.67,0.545819701
3.68,0.545062423
3.69,0.544307594
3.7,0.543555265
3.71,0.54280537
3.72,0.542057944
3.73,0.541312934
3.74,0.540570387
3.75,0.539830265
3.76,0.539092571
3.77,0.538357291
3.78,0.537624407
3.79,0.536893931
3.8,0.536165865
3.81,0.535440184
3.82,0.534716856
3.83,0.533995934
3.84,0.533277354
3.85,0.532561148
3.86,0.531847284
3.87,0.531135755
3.88,0.530426555
3.89,0.529719682
3.9,0.529015129
3.91,0.528312877
3.92,0.527612926
3.93,0.526915263
3.94,0.526219885
3.95,0.525526774
3.96,0.524835928
3.97,0.524147335
3.98,0.52346098
3.99,0.522776877
4,0.522094982
4.01,0.521415312
4.02,0.520737849
4.03,0.520062579
4.04,0.519389505
4.05,0.518718612
4.06,0.518049887
4.07,0.517383316
4.08,0.516718892
4.09,0.516056604
4.1,0.515396454
4.11,0.514738433
4.12,0.514082513
4.13,0.513428683
4.14,0.512776955
4.15,0.51212731
4.16,0.511479723
4.17,0.510834196
4.18,0.510190727
4.19,0.509549284
4.2,0.508909872
4.21,0.508272485
4.22,0.507637101
4.23,0.507003712
4.24,0.506372311
4.25,0.505742881
4.26,0.505115404
4.27,0.504489894
4.28,0.503866321
4.29,0.503244681
4.3,0.502634783
4.31,0.502020545
4.32,0.501408271
4.33,0.500797919
4.34,0.50018949
4.35,0.499582988
4.36,0.498978374
4.37,0.498375636
4.38,0.497774798
4.39,0.497175816
4.4,0.496578691
4.41,0.495983418
4.42,0.495389965
4.43,0.494798337
4.44,0.494208526
4.45,0.493620502
4.46,0.493034273
4.47,0.492449814
4.48,0.491867123
4.49,0.491286185
4.5,0.490706988
4.51,0.490129505
4.52,0.489553756
4.53,0.488979709
4.54,0.488407359
4.55,0.487836692
4.56,0.487267688
4.57,0.486700347
4.58,0.48613466
4.59,0.485570598
4.6,0.485008169
4.61,0.484447339
4.62,0.483888115
4.63,0.483330487
4.64,0.482774436
4.65,0.482219935
4.66,0.481666991
4.67,0.481115589
4.68,0.480565721
4.69,0.480017367
4.7,0.479470534
4.71,0.478925165
4.72,0.478381293
4.73,0.477838888
4.74,0.477297937
4.75,0.476758424
4.76,0.476220345
4.77,0.475683706
4.78,0.475148448
4.79,0.474614605
4.8,0.474082136
4.81,0.473551053
4.82,0.473021323
4.83,0.472492942
4.84,0.471965896
4.85,0.471440168
4.86,0.470915752
4.87,0.47039264
4.88,0.469870822
4.89,0.469350273
4.9,0.468830983
4.91,0.468312944
4.92,0.46779614
4.93,0.467280578
4.94,0.466766218
4.95,0.466253075
4.96,0.465741099
4.97,0.465230311
4.98,0.464720681
4.99,0.464212225
5,0.463704892
5.01,0.463244864
5.02,0.462752215
5.03,0.462260908
5.04,0.461770922
5.05,0.461282229
5.06,0.46079484
5.07,0.460308716
5.08,0.459823874
5.09,0.459340268
5.1,0.458857891
5.11,0.458376744
5.12,0.457896807
5.13,0.457418052
5.14,0.45694049
5.15,0.456464093
5.16,0.455988835
5.17,0.455514724
5.18,0.455041741
5.19,0.454569862
5.2,0.454099083
5.21,0.45362938
5.22,0.453160749
5.23,0.452693172
5.24,0.452226642
5.25,0.451761131
5.26,0.451296644
5.27,0.450833156
5.28,0.450370648
5.29,0.449909102
5.3,0.449448534
5.31,0.448988905
5.32,0.448520838
5.33,0.448037743
5.34,0.447555534
5.35,0.447074207
5.36,0.446593717
5.37,0.446114077
5.38,0.445635275
5.39,0.445157286
5.4,0.444680124
5.41,0.444203733
5.42,0.443728137
5.43,0.443253287
5.44,0.442779211
5.45,0.442305878
5.46,0.441833257
5.47,0.441361359
5.48,0.440890157
5.49,0.440419647
5.5,0.439949816
5.51,0.439480647
5.52,0.43901212
5.53,0.438544228
5.54,0.438076967
5.55,0.437610311
5.56,0.43714425
5.57,0.436678776
5.58,0.436213877
5.59,0.435749529
5.6,0.43528573
5.61,0.434822461
5.62,0.434359709
5.63,0.433897482
5.64,0.433435721
5.65,0.432974449
5.66,0.432513646
5.67,0.432053301
5.68,0.431593395
5.69,0.431133917
5.7,0.430674846
5.71,0.430216187
5.72,0.429757925
5.73,0.429300028
5.74,0.428868076
5.75,0.428455267
5.76,0.428042795
5.77,0.427630644
5.78,0.42721882
5.79,0.426807284
5.8,0.426396046
5.81,0.425985081
5.82,0.425574379
5.83,0.425163918
5.84,0.424753696
5.85,0.424343699
5.86,0.42393391
5.87,0.423524326
5.88,0.423114923
5.89,0.422705705
5.9,0.422296647
5.91,0.421887719
5.92,0.421478941
5.93,0.421070278
5.94,0.420661735
5.95,0.420253273
5.96,0.419844913
5.97,0.419436624
5.98,0.41902838
5.99,0.418620199
6,0.418212042
6.01,0.417835142
6.02,0.417494324
6.03,0.417154304
6.04,0.416815065
6.05,0.416476614
6.06,0.416138969
6.07,0.415802086
6.08,0.415465993
6.09,0.415130674
6.1,0.414796129
6.11,0.414462357
6.12,0.41412934
6.13,0.413797105
6.14,0.41346563
6.15,0.413134918
6.16,0.412804956
6.17,0.412475756
6.18,0.412147296
6.19,0.411819582
6.2,0.411492635
6.21,0.411166419
6.22,0.410840944
6.23,0.410516212
6.24,0.41019222
6.25,0.409868955
6.26,0.409546415
6.27,0.409224603
6.28,0.408903518
6.29,0.408583169
6.3,0.408263527
6.31,0.407944603
6.32,0.407626395
6.33,0.4073089
6.34,0.406992123
6.35,0.406676033
6.36,0.406360671
6.37,0.406045991
6.38,0.405732015
6.39,0.405418747
6.4,0.405106159
6.41,0.404794274
6.42,0.404483067
6.43,0.404172559
6.44,0.403862727
6.45,0.403553584
6.46,0.403245116
6.47,0.402937329
6.48,0.40263021
6.49,0.402323764
6.5,0.402017993
6.51,0.40171289
6.52,0.401408447
6.53,0.401104666
6.54,0.400801547
6.55,0.400499092
6.56,0.400197282
6.57,0.399896138
6.58,0.399595637
6.59,0.399295785
6.6,0.398996571
6.61,0.398698003
6.62,0.39840009
6.63,0.398102813
6.64,0.397806166
6.65,0.39751015
6.66,0.397214776
6.67,0.396920029
6.68,0.396625911
6.69,0.396332424
6.7,0.396039546
6.71,0.395747307
6.72,0.395455678
6.73,0.395164664
6.74,0.394874268
6.75,0.39458447
6.76,0.394295307
6.77,0.394006738
6.78,0.393718774
6.79,0.393431419
6.8,0.393144667
6.81,0.392858509
6.82,0.392572945
6.83,0.392287986
6.84,0.392003612
6.85,0.391719836
6.86,0.391436645
6.87,0.391154042
6.88,0.390872031
6.89,0.39059059
6.9,0.39030974
6.91,0.390029457
6.92,0.389749759
6.93,0.389470632
6.94,0.38919208
6.95,0.388914108
6.96,0.388636691
6.97,0.388359849
6.98,0.38808356
6.99,0.387807842
7,0.38754797
7.01,0.387320418
7.02,0.387093657
7.03,0.386867685
7.04,0.386642492
7.05,0.386418093
7.06,0.386194479
7.07,0.385971632
7.08,0.385749574
7.09,0.385528277
7.1,0.38530775
7.11,0.385087984
7.12,0.384868996
7.13,0.38465075
7.14,0.384433258
7.15,0.38421652
7.16,0.384000544
7.17,0.383778029
7.18,0.383524031
7.19,0.383270786
7.2,0.383018306
7.21,0.382766565
7.22,0.382515565
7.23,0.38226531
7.24,0.382015797
7.25,0.381767013
7.26,0.381518973
7.27,0.381271678
7.28,0.381025081
7.29,0.380779218
7.3,0.380534106
7.31,0.380289687
7.32,0.380045992
7.33,0.379803013
7.34,0.379560743
7.35,0.379319188
7.36,0.379078322
7.37,0.378838182
7.38,0.378598745
7.39,0.378359999
7.4,0.378121954
7.41,0.377884587
7.42,0.377647922
7.43,0.377411943
7.44,0.377176653
7.45,0.376942045
7.46,0.376708128
7.47,0.37647487
7.48,0.376242289
7.49,0.376010386
7.5,0.375779162
7.51,0.375548601
7.52,0.375318698
7.53,0.375089474
7.54,0.374860895
7.55,0.374632983
7.56,0.374405716
7.57,0.374179105
7.58,0.373953147
7.59,0.373727844
7.6,0.373503177
7.61,0.373279159
7.62,0.373055788
7.63,0.372833043
7.64,0.372610942
7.65,0.37238948
7.66,0.372168639
7.67,0.371948432
7.68,0.371728855
7.69,0.3715099
7.7,0.371291556
7.71,0.371073842
7.72,0.370856751
7.73,0.370640274
7.74,0.37042441
7.75,0.370209145
7.76,0.369994503
7.77,0.369780464
7.78,0.369567034
7.79,0.369354198
7.8,0.369141974
7.81,0.368930331
7.82,0.368719299
7.83,0.36850885
7.84,0.368298998
7.85,0.368089737
7.86,0.36788106
7.87,0.367672961
7.88,0.367465465
7.89,0.367258539
7.9,0.367052182
7.91,0.366846404
7.92,0.366641208
7.93,0.366436592
7.94,0.366232536
7.95,0.366029052
7.96,0.365826131
7.97,0.365623775
7.98,0.365421983
7.99,0.365220751
8,0.365020078
8.01,0.364819962
8.02,0.364620395
8.03,0.364421387
8.04,0.364222921
8.05,0.36402501
8.06,0.363827649
8.07,0.363630831
8.08,0.363434555
8.09,0.363238817
8.1,0.363043616
8.11,0.362848954
8.12,0.362654826
8.13,0.362461234
8.14,0.362268186
8.15,0.362075642
8.16,0.361883658
8.17,0.361692175
8.18,0.361501209
8.19,0.361310787
8.2,0.361120876
8.21,0.360931487
8.22,0.360742608
8.23,0.360554262
8.24,0.360366412
8.25,0.360179065
8.26,0.35999224
8.27,0.359805919
8.28,0.35962011
8.29,0.359434792
8.3,0.359249997
8.31,0.359065698
8.32,0.358881883
8.33,0.358698583
8.34,0.358515754
8.35,0.358333448
8.36,0.358151617
8.37,0.357970292
8.38,0.357789435
8.39,0.357609075
8.4,0.357429201
8.41,0.357249817
8.42,0.357070907
8.43,0.356892482
8.44,0.356714543
8.45,0.35653706
8.46,0.356360063
8.47,0.356183553
8.48,0.356007502
8.49,0.355831924
8.5,0.355656817
8.51,0.355482179
8.52,0.355307996
8.53,0.355134285
8.54,0.354961047
8.55,0.354788261
8.56,0.354615937
8.57,0.354444064
8.58,0.354272655
8.59,0.354101701
8.6,0.3539312
8.61,0.353747765
8.62,0.353571446
8.63,0.353395583
8.64,0.353220123
8.65,0.353045117
8.66,0.352870543
8.67,0.352696396
8.68,0.35252268
8.69,0.352349383
8.7,0.352176525
8.71,0.352004075
8.72,0.35183206
8.73,0.351660463
8.74,0.35148928
8.75,0.351318531
8.76,0.351148185
8.77,0.350978261
8.78,0.350808745
8.79,0.350639662
8.8,0.350470965
8.81,0.350302681
8.82,0.350134825
8.83,0.349967366
8.84,0.349800308
8.85,0.349633663
8.86,0.34946742
8.87,0.349301569
8.88,0.349136124
8.89,0.348971088
8.9,0.348806451
8.91,0.348642194
8.92,0.348478352
8.93,0.348314892
8.94,0.348151813
8.95,0.347989142
8.96,0.347826858
8.97,0.347664956
8.98,0.347503454
8.99,0.347342334
9,0.347181582
9.01,0.347021231
9.02,0.346861261
9.03,0.346701676
9.04,0.346542458
9.05,0.346383623
9.06,0.346225167
9.07,0.346067091
9.08,0.345909391
9.09,0.345752056
9.1,0.345595094
9.11,0.345438512
9.12,0.34528229
9.13,0.345126436
9.14,0.344970963
9.15,0.344815849
9.16,0.344661089
9.17,0.344506698
9.18,0.344352685
9.19,0.344199018
9.2,0.344045712
9.21,0.343892771
9.22,0.343740191
9.23,0.343587958
9.24,0.343436083
9.25,0.343284561
9.26,0.343133392
9.27,0.342982574
9.28,0.342832117
9.29,0.342682001
9.3,0.342532245
9.31,0.342382828
9.32,0.342233757
9.33,0.342085033
9.34,0.341936639
9.35,0.341788595
9.36,0.341640911
9.37,0.341493548
9.38,0.341346539
9.39,0.341199864
9.4,0.34105353
9.41,0.340907526
9.42,0.340761854
9.43,0.340616518
9.44,0.340471516
9.45,0.340326858
9.46,0.34018252
9.47,0.340038507
9.48,0.33989483
9.49,0.339751479
9.5,0.339608451
9.51,0.339464376
9.52,0.33932022
9.53,0.339176387
9.54,0.339032897
9.55,0.338889716
9.56,0.338746897
9.57,0.338604377
9.58,0.338462195
9.59,0.33832035
9.6,0.338178835
9.61,0.338037624
9.62,0.33789674
9.63,0.337756192
9.64,0.337615967
9.65,0.337476048
9.66,0.33733647
9.67,0.337197185
9.68,0.337058243
9.69,0.336919599
9.7,0.336781269
9.71,0.336643269
9.72,0.336505576
9.73,0.3363682
9.74,0.336231136
9.75,0.336094376
9.76,0.335957925
9.77,0.335821776
9.78,0.335685965
9.79,0.335550438
9.8,0.335415215
9.81,0.335280304
9.82,0.335145687
9.83,0.335011382
9.84,0.334877387
9.85,0.334743683
9.86,0.334610277
9.87,0.334477173
9.88,0.334344368
9.89,0.33421185
9.9,0.33407965
9.91,0.333947726
9.92,0.333816109
9.93,0.333684788
9.94,0.333553751
9.95,0.333423
9.96,0.333292549
9.97,0.333162385
9.98,0.333032522
9.99,0.332902929
10,0.332773631
10.01,0.332735058
10.02,0.332691403
10.03,0.332647859
10.04,0.33260442
10.05,0.332561091
10.06,0.332517877
10.07,0.332474752
10.08,0.33243174
10.09,0.332388833
10.1,0.332346036
10.11,0.332303338
10.12,0.332260745
10.13,0.332218263
10.14,0.332175883
10.15,0.332133594
10.16,0.332091416
10.17,0.332049338
10.18,0.332007363
10.19,0.331965489
10.2,0.331923728
10.21,0.331882055
10.22,0.331840495
10.23,0.331799023
10.24,0.331757654
10.25,0.331716386
10.26,0.331675216
10.27,0.331634149
10.28,0.331593184
10.29,0.331552315
10.3,0.331511539
10.31,0.331470864
10.32,0.331430287
10.33,0.331389811
10.34,0.331349424
10.35,0.331309136
10.36,0.331268942
10.37,0.331228843
10.38,0.331188846
10.39,0.33114895
10.4,0.331109141
10.41,0.331069422
10.42,0.331029803
10.43,0.330990273
10.44,0.330950841
10.45,0.3309115
10.46,0.330872256
10.47,0.330833102
10.48,0.330794047
10.49,0.330755083
10.5,0.330716204
10.51,0.330677416
10.52,0.330638725
10.53,0.330600114
10.54,0.33056161
10.55,0.330523185
10.56,0.330484849
10.57,0.330446601
10.58,0.33040846
10.59,0.330370389
10.6,0.330332414
10.61,0.330294527
10.62,0.330256728
10.63,0.330219028
10.64,0.330181396
10.65,0.33014386
10.66,0.330106421
10.67,0.330069051
10.68,0.330031768
10.69,0.329994594
10.7,0.329957485
10.71,0.329920474
10.72,0.329883541
10.73,0.329846695
10.74,0.329809924
10.75,0.329773253
10.76,0.329736666
10.77,0.329700157
10.78,0.329663734
10.79,0.329627389
10.8,0.329591128
10.81,0.329554957
10.82,0.329518861
10.83,0.329482851
10.84,0.329446939
10.85,0.329411082
10.86,0.329375319
10.87,0.329339635
10.88,0.329304028
10.89,0.329268514
10.9,0.329233077
10.91,0.329197718
10.92,0.329162432
10.93,0.329127234
10.94,0.329092118
10.95,0.329057072
10.96,0.32902211
10.97,0.328987234
10.98,0.32895243
10.99,0.328917705
11,0.328883053
11.01,0.328848488
11.02,0.328813998
11.03,0.328779574
11.04,0.328745253
11.05,0.328710987
11.06,0.328676797
11.07,0.328642691
11.08,0.328608661
11.09,0.328574704
11.1,0.328540824
11.11,0.328507016
11.12,0.328473294
11.13,0.328439637
11.14,0.328406064
11.15,0.328372552
11.16,0.328339119
11.17,0.328305764
11.18,0.328272483
11.19,0.328239278
11.2,0.328206141
11.21,0.328173079
11.22,0.328140083
11.23,0.328107162
11.24,0.328074329
11.25,0.328041556
11.26,0.32800885
11.27,0.327976222
11.28,0.327943665
11.29,0.327911183
11.3,0.327878767
11.31,0.327846421
11.32,0.327814151
11.33,0.327781945
11.34,0.327749811
11.35,0.32771775
11.36,0.327685766
11.37,0.32765383
11.38,0.327621979
11.39,0.3275902
11.4,0.327558482
11.41,0.327526836
11.42,0.327495253
11.43,0.327463753
11.44,0.327432302
11.45,0.327400934
11.46,0.327369626
11.47,0.327311117
11.48,0.327276399
11.49,0.327241759
11.5,0.327207193
11.51,0.327172694
11.52,0.327138281
11.53,0.327103933
11.54,0.327069641
11.55,0.327035443
11.56,0.327001303
11.57,0.326967247
11.58,0.326933244
11.59,0.326899326
11.6,0.326865473
11.61,0.326831696
11.62,0.326797981
11.63,0.326764342
11.64,0.326730775
11.65,0.32669727
11.66,0.326663842
11.67,0.326630486
11.68,0.326597182
11.69,0.32656396
11.7,0.326530814
11.71,0.326497719
11.72,0.326464703
11.73,0.326431754
11.74,0.326398874
11.75,0.326366057
11.76,0.326333313
11.77,0.326300628
11.78,0.326268017
11.79,0.326235473
11.8,0.326202995
11.81,0.326170585
11.82,0.326138237
11.83,0.326105958
11.84,0.326073749
11.85,0.3260416
11.86,0.326009515
11.87,0.325977497
11.88,0.325945549
11.89,0.325913658
11.9,0.325881839
11.91,0.32585009
11.92,0.325818399
11.93,0.325786766
11.94,0.325755213
11.95,0.325723708
11.96,0.325692272
11.97,0.325660904
11.98,0.325629604
11.99,0.325598362
12,0.325567177
12.01,0.32553606
12.02,0.325505012
12.03,0.325474009
12.04,0.325443085
12.05,0.325412219
12.06,0.325381418
12.07,0.325350673
12.08,0.325319986
12.09,0.325289375
12.1,0.325258811
12.11,0.325228323
12.12,0.32519789
12.13,0.325167512
12.14,0.325137192
12.15,0.325106947
12.16,0.325076758
12.17,0.325046623
12.18,0.325016553
12.19,0.324986538
12.2,0.324956589
12.21,0.324926694
12.22,0.324896862
12.23,0.324867096
12.24,0.324837373
12.25,0.324807726
12.26,0.324778133
12.27,0.324748593
12.28,0.324719116
12.29,0.324689693
12.3,0.324660332
12.31,0.324631027
12.32,0.324601784
12.33,0.324572594
12.34,0.324543468
12.35,0.324514394
12.36,0.324485381
12.37,0.32445642
12.38,0.324427524
12.39,0.324398679
12.4,0.324369897
12.41,0.324341166
12.42,0.324312487
12.43,0.324283868
12.44,0.324255313
12.45,0.324226798
12.46,0.324198354
12.47,0.32416996
12.48,0.324141619
12.49,0.324113329
12.5,0.32408511
12.51,0.32405694
12.52,0.324028812
12.53,0.324000752
12.54,0.323972745
12.55,0.323944796
12.56,0.323916886
12.57,0.323889049
12.58,0.32386126
12.59,0.32383352
12.6,0.32380584
12.61,0.32377821
12.62,0.323750639
12.63,0.323723107
12.64,0.323695643
12.65,0.323668228
12.66,0.323640864
12.67,0.323613554
12.68,0.323586295
12.69,0.323559095
12.7,0.323531934
12.71,0.323504838
12.72,0.323477791
12.73,0.323450794
12.74,0.323423852
12.75,0.323396959
12.76,0.323370114
12.77,0.323343326
12.78,0.323316584
12.79,0.3232899
12.8,0.323263262
12.81,0.323236682
12.82,0.323210149
12.83,0.323183672
12.84,0.323157232
12.85,0.323130849
12.86,0.323104521
12.87,0.323078238
12.88,0.323052003
12.89,0.323025825
12.9,0.3229997
12.91,0.322973614
12.92,0.32294758
12.93,0.322921593
12.94,0.322895662
12.95,0.322869777
12.96,0.322843945
12.97,0.322818159
12.98,0.32279242
12.99,0.322766732
13,0.322741091
13.01,0.322715493
13.02,0.322689952
13.03,0.322664465
13.04,0.322639009
13.05,0.32261361
13.06,0.322588265
13.07,0.322562962
13.08,0.322537696
13.09,0.322512492
13.1,0.322487331
13.11,0.322462224
13.12,0.32243715
13.13,0.32241213
13.14,0.322387153
13.15,0.322362229
13.16,0.322337348
13.17,0.32231252
13.18,0.322287736
13.19,0.322262983
13.2,0.322238293
13.21,0.322213647
13.22,0.322189041
13.23,0.322164488
13.24,0.322139977
13.25,0.322115508
13.26,0.322091091
13.27,0.322066718
13.28,0.322042393
13.29,0.322018101
13.3,0.321993861
13.31,0.321969674
13.32,0.321945517
13.33,0.321921411
13.34,0.321897356
13.35,0.321873343
13.36,0.321849369
13.37,0.321825439
13.38,0.321801556
13.39,0.321777727
13.4,0.321753926
13.41,0.321730177
13.42,0.321706468
13.43,0.3216828
13.44,0.321659181
13.45,0.321635602
13.46,0.321612073
13.47,0.321588585
13.48,0.321565137
13.49,0.321541737
13.5,0.321518367
13.51,0.321495049
13.52,0.321471777
13.53,0.321448547
13.54,0.321425353
13.55,0.3214022
13.56,0.321379095
13.57,0.321356031
13.58,0.321333005
13.59,0.321310027
13.6,0.321287088
13.61,0.321264199
13.62,0.321241336
13.63,0.321218523
13.64,0.321195747
13.65,0.321173023
13.66,0.321150334
13.67,0.321127683
13.68,0.32110508
13.69,0.321082514
13.7,0.321059987
13.71,0.321037498
13.72,0.321015057
13.73,0.320992653
13.74,0.320970285
13.75,0.320947967
13.76,0.320925683
13.77,0.320903448
13.78,0.32088124
13.79,0.320859079
13.8,0.320836955
13.81,0.320814867
13.82,0.320792825
13.83,0.320770822
13.84,0.320748865
13.85,0.320726935
13.86,0.320705048
13.87,0.32068321
13.88,0.320661398
13.89,0.320639632
13.9,0.320617902
13.91,0.320596208
13.92,0.32057456
13.93,0.320552946
13.94,0.320531369
13.95,0.320509829
13.96,0.320488334
13.97,0.320466873
13.98,0.320445458
13.99,0.32042407
14,0.320402724
14.01,0.320381425
14.02,0.320360152
14.03,0.320338923
14.04,0.320317727
14.05,0.320296567
14.06,0.320275453
14.07,0.320254373
14.08,0.320233327
14.09,0.320212317
14.1,0.320191351
14.11,0.320170419
14.12,0.320149519
14.13,0.320128654
14.14,0.320107837
14.15,0.320087049
14.16,0.3200663
14.17,0.320045591
14.18,0.320024917
14.19,0.320004275
14.2,0.319983668
14.21,0.319963105
14.22,0.319942576
14.23,0.31992208
14.24,0.319901615
14.25,0.319881196
14.26,0.319860809
14.27,0.319840455
14.28,0.319820136
14.29,0.319799858
14.3,0.319779613
14.31,0.3197594
14.32,0.319739222
14.33,0.319719084
14.34,0.319698981
14.35,0.31967891
14.36,0.319658879
14.37,0.319638873
14.38,0.319618909
14.39,0.319598976
14.4,0.319579086
14.41,0.319559217
14.42,0.319539391
14.43,0.319519608
14.44,0.319499845
14.45,0.319480125
14.46,0.319460435
14.47,0.319440778
14.48,0.319421154
14.49,0.31940157
14.5,0.319382016
14.51,0.319362493
14.52,0.319343004
14.53,0.319323555
14.54,0.319304139
14.55,0.31928474
14.56,0.319265395
14.57,0.319246071
14.58,0.319226786
14.59,0.319207533
14.6,0.319188312
14.61,0.319169127
14.62,0.319149967
14.63,0.319130847
14.64,0.319111756
14.65,0.319092708
14.66,0.319073678
14.67,0.319054687
14.68,0.319035729
14.69,0.3190168
14.7,0.318997912
14.71,0.318979051
14.72,0.318960222
14.73,0.318941423
14.74,0.318922654
14.75,0.318903923
14.76,0.318885224
14.77,0.318866554
14.78,0.318847912
14.79,0.318829311
14.8,0.318810728
14.81,0.318792197
14.82,0.318773683
14.83,0.318755198
14.84,0.318736752
14.85,0.318718336
14.86,0.31869994
14.87,0.31868159
14.88,0.31866326
14.89,0.318644972
14.9,0.318626709
14.91,0.318608476
14.92,0.318590271
14.93,0.318572105
14.94,0.318553958
14.95,0.318535858
14.96,0.318517778
14.97,0.318499726
14.98,0.318481712
14.99,0.318463715
15,0.318445756
15.01,0.318427836
15.02,0.318409934
15.03,0.31839207
15.04,0.318374224
15.05,0.318356417
15.06,0.318338646
15.07,0.318320894
15.08,0.318303178
15.09,0.31828549
15.1,0.318267831
15.11,0.318250198
15.12,0.318232592
15.13,0.318215024
15.14,0.318197475
15.15,0.318179971
15.16,0.318162484
15.17,0.318145037
15.18,0.318127603
15.19,0.318110207
15.2,0.31809284
15.21,0.318075498
15.22,0.318058184
15.23,0.318040905
15.24,0.318023653
15.25,0.318006431
15.26,0.317989231
15.27,0.31797207
15.28,0.317954925
15.29,0.317937816
15.3,0.317920735
15.31,0.31790368
15.32,0.317886648
15.33,0.317869645
15.34,0.317852678
15.35,0.317835737
15.36,0.31781882
15.37,0.31780193
15.38,0.317785078
15.39,0.31776824
15.4,0.317751439
15.41,0.317734662
15.42,0.317717911
15.43,0.317701197
15.44,0.317684496
15.45,0.317667834
15.46,0.317651195
15.47,0.317634582
15.48,0.317617993
15.49,0.317601441
15.5,0.317584905
15.51,0.317568403
15.52,0.317551926
15.53,0.317535474
15.54,0.317519057
15.55,0.317502655
15.56,0.317486288
15.57,0.317469945
15.58,0.317453629
15.59,0.317437336
15.6,0.317421067
15.61,0.317404835
15.62,0.317388626
15.63,0.317372431
15.64,0.317356283
15.65,0.317340146
15.66,0.317324036
15.67,0.317307959
15.68,0.317291907
15.69,0.31727588
15.7,0.317259876
15.71,0.317243897
15.72,0.317227951
15.73,0.317212019
15.74,0.31719612
15.75,0.317180248
15.76,0.317164398
15.77,0.317148573
15.78,0.31713278
15.79,0.31711701
15.8,0.317101256
15.81,0.317085535
15.82,0.317069837
15.83,0.317054174
15.84,0.317038523
15.85,0.317022895
15.86,0.317007302
15.87,0.316991731
15.88,0.316976184
15.89,0.316960668
15.9,0.316945168
15.91,0.3169297
15.92,0.316914246
15.93,0.316898824
15.94,0.316883424
15.95,0.316868049
15.96,0.316852707
15.97,0.316837376
15.98,0.316822079
15.99,0.316806804
16,0.316791552
16.01,0.316776323
16.02,0.316761118
16.03,0.316745943
16.04,0.316730781
16.05,0.31671565
16.06,0.316700545
16.07,0.316685461
16.08,0.316670397
16.09,0.316655368
16.1,0.316640351
16.11,0.316625365
16.12,0.316610402
16.13,0.316595461
16.14,0.31658054
16.15,0.316565643
16.16,0.316550768
16.17,0.316535925
16.18,0.316521102
16.19,0.316506304
16.2,0.316491526
16.21,0.316476769
16.22,0.316462034
16.23,0.316447333
16.24,0.31643264
16.25,0.316417979
16.26,0.31640334
16.27,0.316388725
16.28,0.316374128
16.29,0.316359555
16.3,0.316345011
16.31,0.316330488
16.32,0.316315979
16.33,0.316301499
16.34,0.316287041
16.35,0.316272613
16.36,0.316258198
16.37,0.316243802
16.38,0.316229438
16.39,0.316215095
16.4,0.316200773
16.41,0.31618647
16.42,0.316172191
16.43,0.316157931
16.44,0.316143699
16.45,0.316129482
16.46,0.316115294
16.47,0.316101127
16.48,0.316086979
16.49,0.316072852
16.5,0.316058746
16.51,0.31604467
16.52,0.316030605
16.53,0.316016571
16.54,0.316002555
16.55,0.315988561
16.56,0.315974586
16.57,0.315960631
16.58,0.315946698
16.59,0.315932792
16.6,0.315918908
16.61,0.315905034
16.62,0.315891191
16.63,0.315877365
16.64,0.315863561
16.65,0.315849787
16.66,0.315836021
16.67,0.315822286
16.68,0.315808561
16.69,0.315794864
16.7,0.315781189
16.71,0.31576753
16.72,0.315753894
16.73,0.315740277
16.74,0.315726689
16.75,0.315713109
16.76,0.31569956
16.77,0.315686029
16.78,0.315672519
16.79,0.315659025
16.8,0.315645554
16.81,0.315632111
16.82,0.315618678
16.83,0.315605272
16.84,0.315591875
16.85,0.315578506
16.86,0.31556516
16.87,0.315551831
16.88,0.31553853
16.89,0.315525239
16.9,0.315511966
16.91,0.315498722
16.92,0.315485487
16.93,0.31547228
16.94,0.315459094
16.95,0.315445923
16.96,0.315432773
16.97,0.315419652
16.98,0.315406537
16.99,0.315393442
17,0.315380376
17.01,0.315367327
17.02,0.315354296
17.03,0.315341285
17.04,0.315328292
17.05,0.315315327
17.06,0.315302369
17.07,0.31528943
17.08,0.315276519
17.09,0.315263626
17.1,0.315250742
17.11,0.315237887
17.12,0.315225057
17.13,0.315212237
17.14,0.315199434
17.15,0.315186648
17.16,0.315173892
17.17,0.315161142
17.18,0.315148421
17.19,0.315135717
17.2,0.315123031
17.21,0.315110361
17.22,0.315097721
17.23,0.315085088
17.24,0.315072472
17.25,0.315059884
17.26,0.315047304
17.27,0.315034749
17.28,0.315022214
17.29,0.315009695
17.3,0.314997194
17.31,0.314984709
17.32,0.314972253
17.33,0.314959803
17.34,0.314947371
17.35,0.314934966
17.36,0.314922577
17.37,0.314910206
17.38,0.314897851
17.39,0.314885515
17.4,0.314873195
17.41,0.314860891
17.42,0.314848617
17.43,0.314836357
17.44,0.314824103
17.45,0.314811877
17.46,0.314799669
17.47,0.314787476
17.48,0.314775301
17.49,0.314763142
17.5,0.314750999
17.51,0.314738884
17.52,0.314726775
17.53,0.314714683
17.54,0.314702616
17.55,0.314690566
17.56,0.314678534
17.57,0.314666516
17.58,0.314654517
17.59,0.314642532
17.6,0.314630564
17.61,0.314618621
17.62,0.314606687
17.63,0.314594778
17.64,0.314582884
17.65,0.314570998
17.66,0.314559137
17.67,0.314547291
17.68,0.314535463
17.69,0.314523649
17.7,0.314511864
17.71,0.314500082
17.72,0.314488328
17.73,0.314476579
17.74,0.314464855
17.75,0.314453146
17.76,0.314441454
17.77,0.314429779
17.78,0.31441812
17.79,0.314406474
17.8,0.314394844
17.81,0.31438324
17.82,0.314371644
17.83,0.314360069
17.84,0.314348515
17.85,0.314336963
17.86,0.314325438
17.87,0.314313926
17.88,0.314302429
17.89,0.314290951
17.9,0.314279485
17.91,0.314268047
17.92,0.314256613
17.93,0.314245204
17.94,0.314233801
17.95,0.314222422
17.96,0.314211059
17.97,0.314199711
17.98,0.314188378
17.99,0.314177059
18,0.314165757
18.01,0.314154469
18.02,0.314143204
18.03,0.314131957
18.04,0.314120714
18.05,0.314109495
18.06,0.314098279
18.07,0.314087091
18.08,0.314075918
18.09,0.314064758
18.1,0.314053613
18.11,0.314042483
18.12,0.314031378
18.13,0.314020276
18.14,0.314009191
18.15,0.313998128
18.16,0.313987082
18.17,0.313976048
18.18,0.31396502
18.19,0.313954016
18.2,0.313943027
18.21,0.313932052
18.22,0.313921091
18.23,0.313910154
18.24,0.313899224
18.25,0.313888305
18.26,0.31387741
18.27,0.31386653
18.28,0.313855655
18.29,0.313844805
18.3,0.313833968
18.31,0.313823144
18.32,0.313812336
18.33,0.313801541
18.34,0.31379076
18.35,0.313779993
18.36,0.313769249
18.37,0.313758509
18.38,0.313747795
18.39,0.313737093
18.4,0.313726396
18.41,0.313715723
18.42,0.313705062
18.43,0.313694415
18.44,0.313683782
18.45,0.313673164
18.46,0.31366256
18.47,0.313651976
18.48,0.313641398
18.49,0.313630845
18.5,0.313620291
18.51,0.313609765
18.52,0.313599251
18.53,0.313588742
18.54,0.313578253
18.55,0.31356778
18.56,0.31355732
18.57,0.313546872
18.58,0.313536439
18.59,0.313526028
18.6,0.313515622
18.61,0.313505238
18.62,0.313494856
18.63,0.313484498
18.64,0.313474144
18.65,0.313463814
18.66,0.313453493
18.67,0.31344319
18.68,0.313432896
18.69,0.313422618
18.7,0.313412352
18.71,0.313402097
18.72,0.313391868
18.73,0.313381641
18.74,0.313371426
18.75,0.313361235
18.76,0.313351055
18.77,0.313340879
18.78,0.313330727
18.79,0.313320586
18.8,0.313310458
18.81,0.313300343
18.82,0.31329024
18.83,0.313280151
18.84,0.313270073
18.85,0.313260021
18.86,0.313249968
18.87,0.313239937
18.88,0.313229912
18.89,0.313219897
18.9,0.313209905
18.91,0.313199924
18.92,0.313189957
18.93,0.313180001
18.94,0.31317006
18.95,0.31316013
18.96,0.313150212
18.97,0.313140305
18.98,0.313130411
18.99,0.313120532
19,0.313110673
19.01,0.313100825
19.02,0.31309098
19.03,0.313081158
19.04,0.313071338
19.05,0.313061541
19.06,0.313051754
19.07,0.313041979
19.08,0.313032217
19.09,0.313022467
19.1,0.313012727
19.11,0.313003002
19.12,0.312993288
19.13,0.312983595
19.14,0.312973904
19.15,0.312964236
19.16,0.312954568
19.17,0.312944923
19.18,0.31293529
19.19,0.312925657
19.2,0.312916046
19.21,0.312906447
19.22,0.312896862
19.23,0.312887286
19.24,0.312877722
19.25,0.312868171
19.26,0.31285863
19.27,0.31284911
19.28,0.312839593
19.29,0.312830096
19.3,0.312820602
19.31,0.312811129
19.32,0.312801667
19.33,0.312792207
19.34,0.312782768
19.35,0.31277334
19.36,0.312763924
19.37,0.312754518
19.38,0.312745126
19.39,0.312735741
19.4,0.312726369
19.41,0.31271701
19.42,0.31270767
19.43,0.312698333
19.44,0.312689006
19.45,0.312679701
19.46,0.312670406
19.47,0.312661114
19.48,0.31265184
19.49,0.312642578
19.5,0.312633327
19.51,0.312624077
19.52,0.312614848
19.53,0.312605641
19.54,0.312596424
19.55,0.312587237
19.56,0.312578053
19.57,0.312568878
19.58,0.312559725
19.59,0.312550572
19.6,0.312541429
19.61,0.312532308
19.62,0.312523197
19.63,0.312514087
19.64,0.312504998
19.65,0.31249592
19.66,0.31248685
19.67,0.312477792
19.68,0.312468737
19.69,0.31245971
19.7,0.312450684
19.71,0.312441669
19.72,0.312432664
19.73,0.312423668
19.74,0.312414694
19.75,0.312405721
19.76,0.312396766
19.77,0.312387814
19.78,0.312378883
19.79,0.31236995
19.8,0.312361038
19.81,0.312352136
19.82,0.312343245
19.83,0.312334363
19.84,0.312325481
19.85,0.312316622
19.86,0.31230778
19.87,0.31229894
19.88,0.312290109
19.89,0.312281289
19.9,0.312272477
19.91,0.312263688
19.92,0.312254897
19.93,0.312246127
19.94,0.312237356
19.95,0.312228607
19.96,0.312219856
19.97,0.312211126
19.98,0.312202404
19.99,0.312193694
20,0.312184992
20.01,0.312176304
20.02,0.312167621
20.03,0.31215895
20.04,0.31215029
20.05,0.312141636
20.06,0.312132995
20.07,0.312124371
20.08,0.312115749
20.09,0.312107135
20.1,0.312098543
20.11,0.312089949
20.12,0.312081374
20.13,0.31207281
20.14,0.312064245
20.15,0.312055699
20.16,0.312047162
20.17,0.312038635
20.18,0.312030118
20.19,0.312021611
20.2,0.312013102
20.21,0.312004624
20.22,0.311996145
20.23,0.311987675
20.24,0.311979213
20.25,0.311970762
20.26,0.311962331
20.27,0.311953898
20.28,0.311945482
20.29,0.31193707
20.3,0.311928674
20.31,0.311920279
20.32,0.311911901
20.33,0.311903534
20.34,0.311895165
20.35,0.311886817
20.36,0.311878478
20.37,0.311870144
20.38,0.311861822
20.39,0.31185351
20.4,0.311845204
20.41,0.31183691
20.42,0.311828634
20.43,0.311820356
20.44,0.31181209
20.45,0.311803839
20.46,0.31179559
20.47,0.311787358
20.48,0.311779125
20.49,0.311770912
20.5,0.311762697
20.51,0.311754501
20.52,0.311746312
20.53,0.311738124
20.54,0.311729954
20.55,0.311721793
20.56,0.31171364
20.57,0.311705497
20.58,0.311697361
20.59,0.311689235
20.6,0.311681118
20.61,0.311673017
20.62,0.311664918
20.63,0.311656825
20.64,0.311648741
20.65,0.311640677
20.66,0.31163261
20.67,0.311624552
20.68,0.311616512
20.69,0.311608472
20.7,0.311600448
20.71,0.311592435
20.72,0.311584428
20.73,0.311576421
20.74,0.311568431
20.75,0.31156045
20.76,0.311552478
20.77,0.311544512
20.78,0.311536557
20.79,0.311528608
20.8,0.311520669
20.81,0.311512739
20.82,0.311504824
20.83,0.311496909
20.84,0.311489003
20.85,0.311481113
20.86,0.311473223
20.87,0.31146534
20.88,0.311457478
20.89,0.31144961
20.9,0.311441761
20.91,0.311433921
20.92,0.31142608
20.93,0.311418255
20.94,0.311410438
20.95,0.311402619
20.96,0.311394828
20.97,0.311387027
20.98,0.311379253
20.99,0.311371464
21,0.311363697
21.01,0.311355945
21.02,0.311348192
21.03,0.311340447
21.04,0.311332709
21.05,0.311324989
21.06,0.311317267
21.07,0.31130955
21.08,0.311301854
21.09,0.311294157
21.1,0.311286474
21.11,0.31127879
21.12,0.311271125
21.13,0.311263456
21.14,0.311255805
21.15,0.311248163
21.16,0.311240527
21.17,0.311232888
21.18,0.311225277
21.19,0.311217653
21.2,0.311210049
21.21,0.31120245
21.22,0.31119486
21.23,0.311187275
21.24,0.31117971
21.25,0.311172141
21.26,0.31116458
21.27,0.311157027
21.28,0.31114948
21.29,0.31114195
21.3,0.31113442
21.31,0.311126904
21.32,0.311119388
21.33,0.311111889
21.34,0.311104385
21.35,0.311096899
21.36,0.311089422
21.37,0.311081941
21.38,0.311074476
21.39,0.311067019
21.4,0.311059571
21.41,0.311052128
21.42,0.311044681
21.43,0.311037265
21.44,0.311029832
21.45,0.311022418
21.46,0.311015021
21.47,0.311007619
21.48,0.311000217
21.49,0.310992841
21.5,0.310985462
21.51,0.31097809
21.52,0.310970733
21.53,0.310963377
21.54,0.310956035
21.55,0.31094869
21.56,0.310941352
21.57,0.310934031
21.58,0.310926716
21.59,0.310919399
21.6,0.310912098
21.61,0.310904805
21.62,0.310897507
21.63,0.310890228
21.64,0.310882953
21.65,0.310875687
21.66,0.310868427
21.67,0.310861163
21.68,0.310853926
21.69,0.310846686
21.7,0.310839443
21.71,0.310832226
21.72,0.310825005
21.73,0.310817791
21.74,0.310810593
21.75,0.310803394
21.76,0.3107962
21.77,0.31078901
21.78,0.31078184
21.79,0.310774664
21.8,0.310767505
21.81,0.310760343
21.82,0.310753199
21.83,0.31074605
21.84,0.310738917
21.85,0.310731791
21.86,0.310724661
21.87,0.310717537
21.88,0.310710439
21.89,0.310703328
21.9,0.310696233
21.91,0.310689145
21.92,0.310682063
21.93,0.310674988
21.94,0.310667917
21.95,0.310660852
21.96,0.310653796
21.97,0.310646745
21.98,0.310639701
21.99,0.310632661
22,0.310625628
22.01,0.31061861
22.02,0.310611591
22.03,0.310604576
22.04,0.310597578
22.05,0.310590574
22.06,0.310583589
22.07,0.310576599
22.08,0.310569625
22.09,0.310562645
22.1,0.310555684
22.11,0.310548717
22.12,0.310541766
22.13,0.310534821
22.14,0.310527873
22.15,0.310520941
22.16,0.310514013
22.17,0.310507092
22.18,0.310500166
22.19,0.310493267
22.2,0.310486353
22.21,0.310479456
22.22,0.310472563
22.23,0.310465678
22.24,0.310458806
22.25,0.310451931
22.26,0.310445063
22.27,0.310438198
22.28,0.310431341
22.29,0.310424489
22.3,0.310417653
22.31,0.310410812
22.32,0.310403977
22.33,0.310397158
22.34,0.310390333
22.35,0.310383515
22.36,0.310376713
22.37,0.310369914
22.38,0.310363121
22.39,0.310356326
22.4,0.310349544
22.41,0.310342769
22.42,0.31033599
22.43,0.310329225
22.44,0.310322466
22.45,0.310315704
22.46,0.310308954
22.47,0.310302212
22.48,0.310295475
22.49,0.310288742
22.5,0.310282016
22.51,0.310275294
22.52,0.310268577
22.53,0.310261866
22.54,0.31025516
22.55,0.31024847
22.56,0.310241776
22.57,0.310235086
22.58,0.310228401
22.59,0.310221721
22.6,0.310215046
22.61,0.310208387
22.62,0.310201724
22.63,0.310195064
22.64,0.310188422
22.65,0.310181774
22.66,0.310175139
22.67,0.310168511
22.68,0.310161878
22.69,0.31015526
22.7,0.310148647
22.71,0.310142027
22.72,0.310135425
22.73,0.310128827
22.74,0.310122223
22.75,0.310115635
22.76,0.310109053
22.77,0.310102473
22.78,0.310095901
22.79,0.310089331
22.8,0.310082768
22.81,0.310076209
22.82,0.310069654
22.83,0.310063108
22.84,0.310056563
22.85,0.310050023
22.86,0.310043488
22.87,0.310036959
22.88,0.310030433
22.89,0.310023923
22.9,0.310017407
22.91,0.310010896
22.92,0.3100044
22.93,0.309997898
22.94,0.310010459
22.95,0.310004742
22.96,0.30999902
22.97,0.309993313
22.98,0.309987603
22.99,0.309981907
23,0.309976206
23.01,0.309970523
23.02,0.309964835
23.03,0.309959164
23.04,0.309953496
23.05,0.309947835
23.06,0.309942178
23.07,0.309936518
23.08,0.309930874
23.09,0.309925236
23.1,0.309919603
23.11,0.309913974
23.12,0.309908351
23.13,0.309902724
23.14,0.309897124
23.15,0.309891519
23.16,0.309885908
23.17,0.309880323
23.18,0.309874733
23.19,0.309869151
23.2,0.309863572
23.21,0.309857999
23.22,0.309852433
23.23,0.309846881
23.24,0.309841325
23.25,0.309835784
23.26,0.309830238
23.27,0.309824699
23.28,0.309819173
23.29,0.309813645
23.3,0.309808122
23.31,0.309802613
23.32,0.309797099
23.33,0.309791603
23.34,0.309786111
23.35,0.309780613
23.36,0.309775132
23.37,0.309769644
23.38,0.309764175
23.39,0.30975871
23.4,0.30975325
23.41,0.309747785
23.42,0.309742335
23.43,0.30973689
23.44,0.309731451
23.45,0.309726018
23.46,0.30972059
23.47,0.309715156
23.48,0.30970975
23.49,0.309704327
23.5,0.30969892
23.51,0.309693527
23.52,0.30968812
23.53,0.309682738
23.54,0.309677354
23.55,0.309671971
23.56,0.309666597
23.57,0.309661227
23.58,0.309655869
23.59,0.309650509
23.6,0.309645154
23.61,0.309639803
23.62,0.309634469
23.63,0.30962913
23.64,0.309623796
23.65,0.309618475
23.66,0.309613152
23.67,0.309607843
23.68,0.309602529
23.69,0.309597229
23.7,0.309591936
23.71,0.309586637
23.72,0.309581353
23.73,0.309576075
23.74,0.309570791
23.75,0.309565523
23.76,0.30956025
23.77,0.309554991
23.78,0.309549739
23.79,0.30954449
23.8,0.309539237
23.81,0.309534008
23.82,0.309528766
23.83,0.309523537
23.84,0.309518315
23.85,0.309513096
23.86,0.309507883
23.87,0.309502675
23.88,0.309497472
23.89,0.309492273
23.9,0.309487081
23.91,0.309481891
23.92,0.309476709
23.93,0.309471531
23.94,0.309466366
23.95,0.309461199
23.96,0.309456034
23.97,0.309450876
23.98,0.309445732
23.99,0.309440582
24,0.309435438
24.01,0.30943031
24.02,0.309425175
24.03,0.309420047
24.04,0.309414931
24.05,0.30940981
24.06,0.309404698
24.07,0.309399597
24.08,0.309394492
24.09,0.309389401
24.1,0.309384316
24.11,0.309379225
24.12,0.309374148
24.13,0.309369078
24.14,0.309364002
24.15,0.30935894
24.16,0.309353884
24.17,0.309348821
24.18,0.309343774
24.19,0.309338732
24.2,0.309333694
24.21,0.309328662
24.22,0.309323623
24.23,0.3093186
24.24,0.309313581
24.25,0.309308567
24.26,0.309303556
24.27,0.309298553
24.28,0.309293553
24.29,0.309288558
24.3,0.309283566
24.31,0.309278582
24.32,0.309273599
24.33,0.309268625
24.34,0.30926365
24.35,0.309258693
24.36,0.30925373
24.37,0.309248774
24.38,0.309243822
24.39,0.309238881
24.4,0.309233937
24.41,0.309228998
24.42,0.309224064
24.43,0.309219145
24.44,0.309214218
24.45,0.309209298
24.46,0.309204391
24.47,0.309199478
24.48,0.309194581
24.49,0.309189678
24.5,0.30918479
24.51,0.309179907
24.52,0.309175016
24.53,0.309170132
24.54,0.309165263
24.55,0.309160397
24.56,0.309155526
24.57,0.309150671
24.58,0.309145818
24.59,0.30914096
24.6,0.309136118
24.61,0.309131279
24.62,0.309126435
24.63,0.309121615
24.64,0.30911678
24.65,0.30911196
24.66,0.309107144
24.67,0.309102332
24.68,0.309097524
24.69,0.309092724
24.7,0.309087925
24.71,0.30908313
24.72,0.309078341
24.73,0.309073545
24.74,0.309068775
24.75,0.309063999
24.76,0.309059227
24.77,0.309054459
24.78,0.309049695
24.79,0.309044938
24.8,0.309040183
24.81,0.309035434
24.82,0.309030698
24.83,0.309025956
24.84,0.309021219
24.85,0.309016497
24.86,0.309011768
24.87,0.309007046
24.88,0.309002325
24.89,0.308997621
24.9,0.308992909
24.91,0.308988202
24.92,0.30898351
24.93,0.308978812
24.94,0.308974128
24.95,0.308969438
24.96,0.308964764
24.97,0.308960083
24.98,0.308955417
24.99,0.308950744
